,folder,year,month,day,key,LastModified,date
0,companies_st_partner,2023,9,5,companies_st_partner/year=2023/month=9/5.csv,2023-09-06 01:00:31,2023-09-05
1,companies_st_partner,2023,9,6,companies_st_partner/year=2023/month=9/6.csv,2023-09-07 01:00:26,2023-09-06
2,companies_st_partner,2023,9,7,companies_st_partner/year=2023/month=9/7.csv,2023-09-08 01:00:30,2023-09-07
3,companies_st_partner,2023,9,8,companies_st_partner/year=2023/month=9/8.csv,2023-09-09 01:00:18,2023-09-08
4,companies_st_partner,2023,9,9,companies_st_partner/year=2023/month=9/9.csv,2023-09-10 01:00:38,2023-09-09
5,companies_st_partner,2023,9,10,companies_st_partner/year=2023/month=9/10.csv,2023-09-11 01:00:22,2023-09-10
6,companies_st_partner,2023,9,11,companies_st_partner/year=2023/month=9/11.csv,2023-09-12 01:00:28,2023-09-11
7,companies_st_partner,2023,9,12,companies_st_partner/year=2023/month=9/12.csv,2023-09-13 01:01:26,2023-09-12
8,companies_st_partner,2023,9,13,companies_st_partner/year=2023/month=9/13.csv,2023-09-14 01:00:40,2023-09-13
9,companies_st_partner,2023,9,14,companies_st_partner/year=2023/month=9/14.csv,2023-09-15 01:00:31,2023-09-14
10,companies_st_partner,2023,9,15,companies_st_partner/year=2023/month=9/15.csv,2023-09-16 01:00:42,2023-09-15
11,companies_st_partner,2023,9,16,companies_st_partner/year=2023/month=9/16.csv,2023-09-17 01:00:23,2023-09-16
12,companies_st_partner,2023,9,17,companies_st_partner/year=2023/month=9/17.csv,2023-09-18 01:00:24,2023-09-17
13,companies_st_partner,2023,9,18,companies_st_partner/year=2023/month=9/18.csv,2023-09-19 01:00:42,2023-09-18
14,companies_st_partner,2023,9,19,companies_st_partner/year=2023/month=9/19.csv,2023-09-20 01:00:21,2023-09-19
15,companies_st_partner,2023,9,20,companies_st_partner/year=2023/month=9/20.csv,2023-09-21 01:01:08,2023-09-20
16,companies_st_partner,2023,9,21,companies_st_partner/year=2023/month=9/21.csv,2023-09-22 01:00:23,2023-09-21
17,companies_st_partner,2023,8,6,companies_st_partner/year=2023/month=8/6.csv,2023-09-22 16:13:35,2023-08-06
18,companies_st_partner,2023,8,5,companies_st_partner/year=2023/month=8/5.csv,2023-09-22 16:13:35,2023-08-05
19,companies_st_partner,2023,8,9,companies_st_partner/year=2023/month=8/9.csv,2023-09-22 16:13:36,2023-08-09
20,companies_st_partner,2023,8,28,companies_st_partner/year=2023/month=8/28.csv,2023-09-22 16:13:36,2023-08-28
21,companies_st_partner,2023,8,11,companies_st_partner/year=2023/month=8/11.csv,2023-09-22 16:13:36,2023-08-11
22,companies_st_partner,2023,8,7,companies_st_partner/year=2023/month=8/7.csv,2023-09-22 16:13:36,2023-08-07
23,companies_st_partner,2023,8,4,companies_st_partner/year=2023/month=8/4.csv,2023-09-22 16:13:37,2023-08-04
24,companies_st_partner,2023,8,15,companies_st_partner/year=2023/month=8/15.csv,2023-09-22 16:13:38,2023-08-15
25,companies_st_partner,2023,8,22,companies_st_partner/year=2023/month=8/22.csv,2023-09-22 16:13:38,2023-08-22
26,companies_st_partner,2023,8,1,companies_st_partner/year=2023/month=8/1.csv,2023-09-22 16:13:40,2023-08-01
27,companies_st_partner,2023,8,21,companies_st_partner/year=2023/month=8/21.csv,2023-09-22 16:13:40,2023-08-21
28,companies_st_partner,2023,8,20,companies_st_partner/year=2023/month=8/20.csv,2023-09-22 16:13:40,2023-08-20
29,companies_st_partner,2023,8,24,companies_st_partner/year=2023/month=8/24.csv,2023-09-22 16:13:41,2023-08-24
30,companies_st_partner,2023,8,17,companies_st_partner/year=2023/month=8/17.csv,2023-09-22 16:13:43,2023-08-17
31,companies_st_partner,2023,8,16,companies_st_partner/year=2023/month=8/16.csv,2023-09-22 16:13:43,2023-08-16
32,companies_st_partner,2023,8,10,companies_st_partner/year=2023/month=8/10.csv,2023-09-22 16:13:45,2023-08-10
33,companies_st_partner,2023,8,30,companies_st_partner/year=2023/month=8/30.csv,2023-09-22 16:13:45,2023-08-30
34,companies_st_partner,2023,8,8,companies_st_partner/year=2023/month=8/8.csv,2023-09-22 16:13:46,2023-08-08
35,companies_st_partner,2023,8,2,companies_st_partner/year=2023/month=8/2.csv,2023-09-22 16:13:46,2023-08-02
36,companies_st_partner,2023,8,27,companies_st_partner/year=2023/month=8/27.csv,2023-09-22 16:13:47,2023-08-27
37,companies_st_partner,2023,8,29,companies_st_partner/year=2023/month=8/29.csv,2023-09-22 16:13:48,2023-08-29
38,companies_st_partner,2023,8,18,companies_st_partner/year=2023/month=8/18.csv,2023-09-22 16:13:50,2023-08-18
39,companies_st_partner,2023,8,12,companies_st_partner/year=2023/month=8/12.csv,2023-09-22 16:13:50,2023-08-12
40,companies_st_partner,2023,8,23,companies_st_partner/year=2023/month=8/23.csv,2023-09-22 16:13:51,2023-08-23
41,companies_st_partner,2023,8,25,companies_st_partner/year=2023/month=8/25.csv,2023-09-22 16:13:52,2023-08-25
42,companies_st_partner,2023,8,3,companies_st_partner/year=2023/month=8/3.csv,2023-09-22 16:13:52,2023-08-03
43,companies_st_partner,2023,8,26,companies_st_partner/year=2023/month=8/26.csv,2023-09-22 16:13:53,2023-08-26
44,companies_st_partner,2023,8,31,companies_st_partner/year=2023/month=8/31.csv,2023-09-22 16:13:54,2023-08-31
45,companies_st_partner,2023,8,14,companies_st_partner/year=2023/month=8/14.csv,2023-09-22 16:13:54,2023-08-14
46,companies_st_partner,2023,8,19,companies_st_partner/year=2023/month=8/19.csv,2023-09-22 16:13:55,2023-08-19
47,companies_st_partner,2023,8,13,companies_st_partner/year=2023/month=8/13.csv,2023-09-22 16:13:55,2023-08-13
48,companies_st_partner,2023,9,4,companies_st_partner/year=2023/month=9/4.csv,2023-09-22 16:25:45,2023-09-04
49,companies_st_partner,2023,9,2,companies_st_partner/year=2023/month=9/2.csv,2023-09-22 16:25:45,2023-09-02
50,companies_st_partner,2023,9,1,companies_st_partner/year=2023/month=9/1.csv,2023-09-22 16:25:45,2023-09-01
51,companies_st_partner,2023,9,3,companies_st_partner/year=2023/month=9/3.csv,2023-09-22 16:25:46,2023-09-03
52,companies_st_partner,2023,9,22,companies_st_partner/year=2023/month=9/22.csv,2023-09-23 01:00:27,2023-09-22
53,companies_st_partner,2023,9,23,companies_st_partner/year=2023/month=9/23.csv,2023-09-24 01:00:24,2023-09-23
54,companies_st_partner,2023,9,24,companies_st_partner/year=2023/month=9/24.csv,2023-09-25 01:00:18,2023-09-24
55,companies_st_partner,2023,9,25,companies_st_partner/year=2023/month=9/25.csv,2023-09-26 01:00:41,2023-09-25
56,companies_st_partner,2023,9,26,companies_st_partner/year=2023/month=9/26.csv,2023-09-27 01:00:29,2023-09-26
57,companies_st_partner,2023,9,27,companies_st_partner/year=2023/month=9/27.csv,2023-09-28 01:01:50,2023-09-27
58,companies_st_partner,2023,9,28,companies_st_partner/year=2023/month=9/28.csv,2023-09-29 01:00:39,2023-09-28
59,companies_st_partner,2023,9,29,companies_st_partner/year=2023/month=9/29.csv,2023-09-30 01:00:21,2023-09-29
60,companies_st_partner,2023,9,30,companies_st_partner/year=2023/month=9/30.csv,2023-10-01 01:00:28,2023-09-30
61,companies_st_partner,2023,10,1,companies_st_partner/year=2023/month=10/1.csv,2023-10-02 01:00:19,2023-10-01
62,companies_st_partner,2023,10,2,companies_st_partner/year=2023/month=10/2.csv,2023-10-03 01:01:11,2023-10-02
63,companies_st_partner,2023,10,3,companies_st_partner/year=2023/month=10/3.csv,2023-10-04 01:00:27,2023-10-03
64,companies_st_partner,2023,10,4,companies_st_partner/year=2023/month=10/4.csv,2023-10-05 01:00:31,2023-10-04
65,companies_st_partner,2023,10,5,companies_st_partner/year=2023/month=10/5.csv,2023-10-06 01:00:35,2023-10-05
66,companies_st_partner,2023,10,6,companies_st_partner/year=2023/month=10/6.csv,2023-10-07 01:00:42,2023-10-06
67,companies_st_partner,2023,10,7,companies_st_partner/year=2023/month=10/7.csv,2023-10-08 01:00:29,2023-10-07
68,companies_st_partner,2023,10,8,companies_st_partner/year=2023/month=10/8.csv,2023-10-09 01:00:19,2023-10-08
69,companies_st_partner,2023,10,9,companies_st_partner/year=2023/month=10/9.csv,2023-10-10 01:00:38,2023-10-09
70,companies_st_partner,2023,10,10,companies_st_partner/year=2023/month=10/10.csv,2023-10-11 01:00:54,2023-10-10
71,companies_st_partner,2023,10,11,companies_st_partner/year=2023/month=10/11.csv,2023-10-12 01:00:59,2023-10-11
72,companies_st_partner,2023,10,12,companies_st_partner/year=2023/month=10/12.csv,2023-10-13 01:01:11,2023-10-12
73,companies_st_partner,2023,10,13,companies_st_partner/year=2023/month=10/13.csv,2023-10-14 01:00:30,2023-10-13
74,companies_st_partner,2023,10,14,companies_st_partner/year=2023/month=10/14.csv,2023-10-15 01:00:25,2023-10-14
75,companies_st_partner,2023,10,15,companies_st_partner/year=2023/month=10/15.csv,2023-10-16 01:00:24,2023-10-15
76,companies_st_partner,2023,10,16,companies_st_partner/year=2023/month=10/16.csv,2023-10-17 01:00:18,2023-10-16
77,companies_st_partner,2023,10,17,companies_st_partner/year=2023/month=10/17.csv,2023-10-18 01:00:34,2023-10-17
78,companies_st_partner,2023,10,18,companies_st_partner/year=2023/month=10/18.csv,2023-10-19 01:00:19,2023-10-18
79,companies_st_partner,2023,10,19,companies_st_partner/year=2023/month=10/19.csv,2023-10-20 08:42:37,2023-10-19
80,companies_st_partner,2023,10,20,companies_st_partner/year=2023/month=10/20.csv,2023-10-21 00:02:34,2023-10-20
81,companies_st_partner,2023,10,21,companies_st_partner/year=2023/month=10/21.csv,2023-10-22 00:02:36,2023-10-21
82,companies_st_partner,2023,10,22,companies_st_partner/year=2023/month=10/22.csv,2023-10-23 00:00:08,2023-10-22
83,companies_st_partner,2023,10,23,companies_st_partner/year=2023/month=10/23.csv,2023-10-24 00:02:32,2023-10-23
84,companies_st_partner,2023,10,24,companies_st_partner/year=2023/month=10/24.csv,2023-10-25 00:00:11,2023-10-24
85,companies_st_partner,2023,10,25,companies_st_partner/year=2023/month=10/25.csv,2023-10-26 00:00:26,2023-10-25
86,companies_st_partner,2023,10,26,companies_st_partner/year=2023/month=10/26.csv,2023-10-27 00:01:28,2023-10-26
87,companies_st_partner,2023,10,27,companies_st_partner/year=2023/month=10/27.csv,2023-10-28 00:01:37,2023-10-27
88,companies_st_partner,2023,10,28,companies_st_partner/year=2023/month=10/28.csv,2023-10-29 00:00:10,2023-10-28
89,companies_st_partner,2023,10,29,companies_st_partner/year=2023/month=10/29.csv,2023-10-30 00:01:37,2023-10-29
90,companies_st_partner,2023,10,30,companies_st_partner/year=2023/month=10/30.csv,2023-10-31 00:00:09,2023-10-30
91,companies_st_partner,2023,10,31,companies_st_partner/year=2023/month=10/31.csv,2023-11-01 00:00:10,2023-10-31
92,companies_st_partner,2023,7,31,companies_st_partner/year=2023/month=7/31.csv,2023-11-01 12:02:00,2023-07-31
93,companies_st_partner,2023,11,1,companies_st_partner/year=2023/month=11/1.csv,2023-11-02 00:02:18,2023-11-01
94,companies_st_partner,2023,11,2,companies_st_partner/year=2023/month=11/2.csv,2023-11-03 00:01:26,2023-11-02
95,companies_st_partner,2023,11,3,companies_st_partner/year=2023/month=11/3.csv,2023-11-04 00:00:22,2023-11-03
96,companies_st_partner,2023,11,4,companies_st_partner/year=2023/month=11/4.csv,2023-11-05 00:00:09,2023-11-04
97,companies_st_partner,2023,11,5,companies_st_partner/year=2023/month=11/5.csv,2023-11-06 00:00:09,2023-11-05
98,companies_st_partner,2023,11,6,companies_st_partner/year=2023/month=11/6.csv,2023-11-07 00:01:18,2023-11-06
99,companies_st_partner,2023,11,7,companies_st_partner/year=2023/month=11/7.csv,2023-11-08 00:01:25,2023-11-07
100,companies_st_partner,2023,11,8,companies_st_partner/year=2023/month=11/8.csv,2023-11-09 00:01:28,2023-11-08
101,companies_st_partner,2023,11,9,companies_st_partner/year=2023/month=11/9.csv,2023-11-10 00:01:27,2023-11-09
102,companies_st_partner,2023,11,10,companies_st_partner/year=2023/month=11/10.csv,2023-11-11 00:01:29,2023-11-10
103,companies_st_partner,2023,11,11,companies_st_partner/year=2023/month=11/11.csv,2023-11-12 00:00:09,2023-11-11
104,companies_st_partner,2023,11,12,companies_st_partner/year=2023/month=11/12.csv,2023-11-13 00:00:09,2023-11-12
105,companies_st_partner,2023,11,13,companies_st_partner/year=2023/month=11/13.csv,2023-11-14 00:02:15,2023-11-13
106,companies_st_partner,2023,12,4,companies_st_partner/year=2023/month=12/4.csv,2023-12-05 00:01:59,2023-12-04
107,companies_st_partner,2023,11,29,companies_st_partner/year=2023/month=11/29.csv,2023-12-05 07:28:21,2023-11-29
108,companies_st_partner,2023,11,28,companies_st_partner/year=2023/month=11/28.csv,2023-12-05 07:28:21,2023-11-28
109,companies_st_partner,2023,11,30,companies_st_partner/year=2023/month=11/30.csv,2023-12-05 07:28:24,2023-11-30
110,companies_st_partner,2023,11,27,companies_st_partner/year=2023/month=11/27.csv,2023-12-05 07:28:24,2023-11-27
111,companies_st_partner,2023,11,17,companies_st_partner/year=2023/month=11/17.csv,2023-12-05 07:28:26,2023-11-17
112,companies_st_partner,2023,11,19,companies_st_partner/year=2023/month=11/19.csv,2023-12-05 07:28:39,2023-11-19
113,companies_st_partner,2023,11,14,companies_st_partner/year=2023/month=11/14.csv,2023-12-05 07:28:39,2023-11-14
114,companies_st_partner,2023,11,16,companies_st_partner/year=2023/month=11/16.csv,2023-12-05 07:28:39,2023-11-16
115,companies_st_partner,2023,11,20,companies_st_partner/year=2023/month=11/20.csv,2023-12-05 07:28:41,2023-11-20
116,companies_st_partner,2023,11,25,companies_st_partner/year=2023/month=11/25.csv,2023-12-05 07:28:43,2023-11-25
117,companies_st_partner,2023,11,18,companies_st_partner/year=2023/month=11/18.csv,2023-12-05 07:28:45,2023-11-18
118,companies_st_partner,2023,11,15,companies_st_partner/year=2023/month=11/15.csv,2023-12-05 07:28:54,2023-11-15
119,companies_st_partner,2023,11,23,companies_st_partner/year=2023/month=11/23.csv,2023-12-05 07:28:54,2023-11-23
120,companies_st_partner,2023,11,24,companies_st_partner/year=2023/month=11/24.csv,2023-12-05 07:28:54,2023-11-24
121,companies_st_partner,2023,11,21,companies_st_partner/year=2023/month=11/21.csv,2023-12-05 07:28:55,2023-11-21
122,companies_st_partner,2023,11,22,companies_st_partner/year=2023/month=11/22.csv,2023-12-05 07:28:57,2023-11-22
123,companies_st_partner,2023,11,26,companies_st_partner/year=2023/month=11/26.csv,2023-12-05 07:28:58,2023-11-26
124,companies_st_partner,2023,12,3,companies_st_partner/year=2023/month=12/3.csv,2023-12-05 07:30:21,2023-12-03
125,companies_st_partner,2023,12,1,companies_st_partner/year=2023/month=12/1.csv,2023-12-05 07:30:21,2023-12-01
126,companies_st_partner,2023,12,2,companies_st_partner/year=2023/month=12/2.csv,2023-12-05 07:30:21,2023-12-02
127,companies_st_partner,2023,12,5,companies_st_partner/year=2023/month=12/5.csv,2023-12-06 00:00:18,2023-12-05
128,companies_st_partner,2023,12,6,companies_st_partner/year=2023/month=12/6.csv,2023-12-07 00:00:15,2023-12-06
129,companies_st_partner,2023,12,7,companies_st_partner/year=2023/month=12/7.csv,2023-12-08 00:00:19,2023-12-07
130,companies_st_partner,2023,12,8,companies_st_partner/year=2023/month=12/8.csv,2023-12-09 00:00:19,2023-12-08
131,companies_st_partner,2023,12,9,companies_st_partner/year=2023/month=12/9.csv,2023-12-10 00:00:09,2023-12-09
132,companies_st_partner,2023,12,10,companies_st_partner/year=2023/month=12/10.csv,2023-12-11 00:01:58,2023-12-10
133,companies_st_partner,2023,12,11,companies_st_partner/year=2023/month=12/11.csv,2023-12-12 00:01:55,2023-12-11
134,companies_st_partner,2023,12,12,companies_st_partner/year=2023/month=12/12.csv,2023-12-13 00:02:42,2023-12-12
135,companies_st_partner,2023,12,13,companies_st_partner/year=2023/month=12/13.csv,2023-12-14 01:06:40,2023-12-13
136,companies_st_partner,2023,12,14,companies_st_partner/year=2023/month=12/14.csv,2023-12-15 00:02:45,2023-12-14
137,companies_st_partner,2023,12,15,companies_st_partner/year=2023/month=12/15.csv,2023-12-16 00:00:10,2023-12-15
138,companies_st_partner,2023,12,16,companies_st_partner/year=2023/month=12/16.csv,2023-12-17 00:00:14,2023-12-16
139,companies_st_partner,2023,12,17,companies_st_partner/year=2023/month=12/17.csv,2023-12-18 00:01:44,2023-12-17
140,companies_st_partner,2023,12,18,companies_st_partner/year=2023/month=12/18.csv,2023-12-19 00:01:31,2023-12-18
141,companies_st_partner,2023,12,19,companies_st_partner/year=2023/month=12/19.csv,2023-12-20 00:01:42,2023-12-19
142,companies_st_partner,2023,12,20,companies_st_partner/year=2023/month=12/20.csv,2023-12-21 00:02:52,2023-12-20
143,companies_st_partner,2023,12,21,companies_st_partner/year=2023/month=12/21.csv,2023-12-22 00:00:08,2023-12-21
144,companies_st_partner,2023,12,22,companies_st_partner/year=2023/month=12/22.csv,2023-12-23 00:02:39,2023-12-22
145,companies_st_partner,2023,12,23,companies_st_partner/year=2023/month=12/23.csv,2023-12-24 00:02:21,2023-12-23
146,companies_st_partner,2023,12,24,companies_st_partner/year=2023/month=12/24.csv,2023-12-25 00:00:09,2023-12-24
147,companies_st_partner,2023,12,25,companies_st_partner/year=2023/month=12/25.csv,2023-12-26 00:00:32,2023-12-25
148,companies_st_partner,2023,12,26,companies_st_partner/year=2023/month=12/26.csv,2023-12-27 00:02:40,2023-12-26
149,companies_st_partner,2023,12,27,companies_st_partner/year=2023/month=12/27.csv,2023-12-28 00:00:17,2023-12-27
150,companies_st_partner,2023,12,28,companies_st_partner/year=2023/month=12/28.csv,2023-12-29 00:02:40,2023-12-28
151,companies_st_partner,2023,12,29,companies_st_partner/year=2023/month=12/29.csv,2023-12-30 00:02:44,2023-12-29
152,companies_st_partner,2023,12,30,companies_st_partner/year=2023/month=12/30.csv,2023-12-31 00:00:07,2023-12-30
153,companies_st_partner,2023,12,31,companies_st_partner/year=2023/month=12/31.csv,2024-01-01 00:13:21,2023-12-31
154,companies_st_partner,2024,1,1,companies_st_partner/year=2024/month=1/1.csv,2024-01-02 00:00:07,2024-01-01
155,companies_st_partner,2024,1,2,companies_st_partner/year=2024/month=1/2.csv,2024-01-03 00:00:07,2024-01-02
156,companies_st_partner,2024,1,3,companies_st_partner/year=2024/month=1/3.csv,2024-01-04 00:00:07,2024-01-03
157,companies_st_partner,2024,1,4,companies_st_partner/year=2024/month=1/4.csv,2024-01-05 00:02:38,2024-01-04
158,companies_st_partner,2024,1,5,companies_st_partner/year=2024/month=1/5.csv,2024-01-06 00:00:09,2024-01-05
159,companies_st_partner,2024,1,6,companies_st_partner/year=2024/month=1/6.csv,2024-01-07 00:02:48,2024-01-06
160,companies_st_partner,2024,1,7,companies_st_partner/year=2024/month=1/7.csv,2024-01-08 00:02:39,2024-01-07
161,companies_st_partner,2024,1,8,companies_st_partner/year=2024/month=1/8.csv,2024-01-09 00:00:12,2024-01-08
162,companies_st_partner,2024,1,9,companies_st_partner/year=2024/month=1/9.csv,2024-01-10 00:02:50,2024-01-09
163,companies_st_partner,2024,1,10,companies_st_partner/year=2024/month=1/10.csv,2024-01-11 00:00:23,2024-01-10
164,companies_st_partner,2024,1,11,companies_st_partner/year=2024/month=1/11.csv,2024-01-12 00:01:55,2024-01-11
165,companies_st_partner,2024,1,12,companies_st_partner/year=2024/month=1/12.csv,2024-01-13 00:02:09,2024-01-12
166,companies_st_partner,2024,1,13,companies_st_partner/year=2024/month=1/13.csv,2024-01-14 00:00:07,2024-01-13
167,companies_st_partner,2024,1,14,companies_st_partner/year=2024/month=1/14.csv,2024-01-15 00:00:08,2024-01-14
168,companies_st_partner,2024,1,15,companies_st_partner/year=2024/month=1/15.csv,2024-01-16 00:00:30,2024-01-15
169,companies_st_partner,2024,1,16,companies_st_partner/year=2024/month=1/16.csv,2024-01-17 00:00:18,2024-01-16
170,companies_st_partner,2024,1,17,companies_st_partner/year=2024/month=1/17.csv,2024-01-18 00:00:08,2024-01-17
171,companies_st_partner,2024,1,18,companies_st_partner/year=2024/month=1/18.csv,2024-01-19 00:00:20,2024-01-18
172,companies_st_partner,2024,1,19,companies_st_partner/year=2024/month=1/19.csv,2024-01-20 00:01:41,2024-01-19
173,companies_st_partner,2024,1,20,companies_st_partner/year=2024/month=1/20.csv,2024-01-21 00:00:15,2024-01-20
174,companies_st_partner,2024,1,21,companies_st_partner/year=2024/month=1/21.csv,2024-01-22 00:01:52,2024-01-21
175,companies_st_partner,2024,1,22,companies_st_partner/year=2024/month=1/22.csv,2024-01-23 00:00:20,2024-01-22
176,companies_st_partner,2024,1,23,companies_st_partner/year=2024/month=1/23.csv,2024-01-24 00:00:17,2024-01-23
177,companies_st_partner,2024,1,24,companies_st_partner/year=2024/month=1/24.csv,2024-01-25 00:00:09,2024-01-24
178,companies_st_partner,2024,1,25,companies_st_partner/year=2024/month=1/25.csv,2024-01-26 00:02:27,2024-01-25
179,companies_st_partner,2024,1,26,companies_st_partner/year=2024/month=1/26.csv,2024-01-27 00:00:17,2024-01-26
180,companies_st_partner,2024,1,27,companies_st_partner/year=2024/month=1/27.csv,2024-01-28 00:02:06,2024-01-27
181,companies_st_partner,2024,1,28,companies_st_partner/year=2024/month=1/28.csv,2024-01-29 02:00:06,2024-01-28
182,companies_st_partner,2024,1,29,companies_st_partner/year=2024/month=1/29.csv,2024-01-30 02:00:42,2024-01-29
183,companies_st_partner,2024,1,30,companies_st_partner/year=2024/month=1/30.csv,2024-01-31 02:00:13,2024-01-30
184,companies_st_partner,2024,1,31,companies_st_partner/year=2024/month=1/31.csv,2024-02-01 02:00:09,2024-01-31
185,companies_st_partner,2024,2,1,companies_st_partner/year=2024/month=2/1.csv,2024-02-02 02:00:09,2024-02-01
186,companies_st_partner,2024,2,2,companies_st_partner/year=2024/month=2/2.csv,2024-02-03 02:00:35,2024-02-02
187,companies_st_partner,2024,2,3,companies_st_partner/year=2024/month=2/3.csv,2024-02-04 02:00:07,2024-02-03
188,companies_st_partner,2024,2,4,companies_st_partner/year=2024/month=2/4.csv,2024-02-05 02:00:08,2024-02-04
189,companies_st_partner,2024,2,5,companies_st_partner/year=2024/month=2/5.csv,2024-02-06 02:00:23,2024-02-05
190,companies_st_partner,2024,2,6,companies_st_partner/year=2024/month=2/6.csv,2024-02-07 02:00:15,2024-02-06
191,companies_st_partner,2024,2,7,companies_st_partner/year=2024/month=2/7.csv,2024-02-08 02:00:21,2024-02-07
192,companies_st_partner,2024,2,8,companies_st_partner/year=2024/month=2/8.csv,2024-02-09 02:00:18,2024-02-08
193,companies_st_partner,2024,2,9,companies_st_partner/year=2024/month=2/9.csv,2024-02-10 02:00:07,2024-02-09
194,companies_st_partner,2024,2,10,companies_st_partner/year=2024/month=2/10.csv,2024-02-11 02:00:36,2024-02-10
195,companies_st_partner,2024,2,11,companies_st_partner/year=2024/month=2/11.csv,2024-02-12 02:00:07,2024-02-11
196,companies_st_partner,2024,2,12,companies_st_partner/year=2024/month=2/12.csv,2024-02-13 02:00:44,2024-02-12
197,companies_st_partner,2024,2,13,companies_st_partner/year=2024/month=2/13.csv,2024-02-14 02:00:44,2024-02-13
198,companies_st_partner,2024,2,14,companies_st_partner/year=2024/month=2/14.csv,2024-02-15 02:00:14,2024-02-14
199,companies_st_partner,2024,2,15,companies_st_partner/year=2024/month=2/15.csv,2024-02-16 02:00:06,2024-02-15
200,companies_st_partner,2024,2,16,companies_st_partner/year=2024/month=2/16.csv,2024-02-17 02:00:07,2024-02-16
201,companies_st_partner,2024,2,17,companies_st_partner/year=2024/month=2/17.csv,2024-02-18 02:00:29,2024-02-17
202,companies_st_partner,2024,2,18,companies_st_partner/year=2024/month=2/18.csv,2024-02-19 02:00:09,2024-02-18
203,companies_st_partner,2024,2,19,companies_st_partner/year=2024/month=2/19.csv,2024-02-20 02:00:20,2024-02-19
204,companies_st_partner,2024,2,20,companies_st_partner/year=2024/month=2/20.csv,2024-02-21 02:00:09,2024-02-20
205,companies_st_partner,2024,2,21,companies_st_partner/year=2024/month=2/21.csv,2024-02-22 02:00:08,2024-02-21
206,companies_st_partner,2024,2,22,companies_st_partner/year=2024/month=2/22.csv,2024-02-23 02:00:16,2024-02-22
207,companies_st_partner,2024,2,23,companies_st_partner/year=2024/month=2/23.csv,2024-02-24 02:00:29,2024-02-23
208,companies_st_partner,2024,2,24,companies_st_partner/year=2024/month=2/24.csv,2024-02-25 02:00:34,2024-02-24
209,companies_st_partner,2024,2,25,companies_st_partner/year=2024/month=2/25.csv,2024-02-26 02:00:09,2024-02-25
210,companies_st_partner,2024,2,26,companies_st_partner/year=2024/month=2/26.csv,2024-02-27 02:00:40,2024-02-26
211,companies_st_partner,2024,2,27,companies_st_partner/year=2024/month=2/27.csv,2024-02-28 02:00:22,2024-02-27
212,companies_st_partner,2024,2,28,companies_st_partner/year=2024/month=2/28.csv,2024-02-29 02:00:39,2024-02-28
213,companies_st_partner,2024,2,29,companies_st_partner/year=2024/month=2/29.csv,2024-03-01 02:00:08,2024-02-29
214,companies_st_partner,2024,3,1,companies_st_partner/year=2024/month=3/1.csv,2024-03-02 02:00:07,2024-03-01
215,companies_st_partner,2024,3,2,companies_st_partner/year=2024/month=3/2.csv,2024-03-03 02:00:15,2024-03-02
216,companies_st_partner,2024,3,3,companies_st_partner/year=2024/month=3/3.csv,2024-03-04 02:00:27,2024-03-03
217,companies_st_partner,2024,3,4,companies_st_partner/year=2024/month=3/4.csv,2024-03-05 02:00:33,2024-03-04
218,companies_st_partner,2024,3,5,companies_st_partner/year=2024/month=3/5.csv,2024-03-06 02:00:08,2024-03-05
219,companies_st_partner,2024,3,6,companies_st_partner/year=2024/month=3/6.csv,2024-03-07 02:00:23,2024-03-06
220,companies_st_partner,2024,3,7,companies_st_partner/year=2024/month=3/7.csv,2024-03-08 02:00:08,2024-03-07
221,companies_st_partner,2024,3,8,companies_st_partner/year=2024/month=3/8.csv,2024-03-09 02:00:17,2024-03-08
222,companies_st_partner,2024,3,9,companies_st_partner/year=2024/month=3/9.csv,2024-03-10 02:00:15,2024-03-09
223,companies_st_partner,2024,3,10,companies_st_partner/year=2024/month=3/10.csv,2024-03-11 02:00:08,2024-03-10
224,companies_st_partner,2024,3,11,companies_st_partner/year=2024/month=3/11.csv,2024-03-12 02:00:25,2024-03-11
225,companies_st_partner,2024,3,12,companies_st_partner/year=2024/month=3/12.csv,2024-03-13 02:00:08,2024-03-12
226,companies_st_partner,2024,3,13,companies_st_partner/year=2024/month=3/13.csv,2024-03-14 02:00:18,2024-03-13
227,companies_st_partner,2024,3,14,companies_st_partner/year=2024/month=3/14.csv,2024-03-15 02:00:17,2024-03-14
228,companies_st_partner,2024,3,15,companies_st_partner/year=2024/month=3/15.csv,2024-03-16 02:00:10,2024-03-15
229,companies_st_partner,2024,3,16,companies_st_partner/year=2024/month=3/16.csv,2024-03-17 02:00:18,2024-03-16
230,companies_st_partner,2024,3,17,companies_st_partner/year=2024/month=3/17.csv,2024-03-18 02:00:07,2024-03-17
231,companies_st_partner,2024,3,18,companies_st_partner/year=2024/month=3/18.csv,2024-03-19 02:00:30,2024-03-18
232,companies_st_partner,2024,3,19,companies_st_partner/year=2024/month=3/19.csv,2024-03-20 02:00:27,2024-03-19
233,companies_st_partner,2024,3,20,companies_st_partner/year=2024/month=3/20.csv,2024-03-21 02:00:20,2024-03-20
234,companies_st_partner,2024,3,21,companies_st_partner/year=2024/month=3/21.csv,2024-03-22 02:00:31,2024-03-21
235,companies_st_partner,2024,3,22,companies_st_partner/year=2024/month=3/22.csv,2024-03-23 02:00:19,2024-03-22
236,companies_st_partner,2024,3,23,companies_st_partner/year=2024/month=3/23.csv,2024-03-24 02:00:25,2024-03-23
237,companies_st_partner,2024,3,24,companies_st_partner/year=2024/month=3/24.csv,2024-03-25 02:00:12,2024-03-24
238,companies_st_partner,2024,3,25,companies_st_partner/year=2024/month=3/25.csv,2024-03-26 02:00:20,2024-03-25
239,companies_st_partner,2024,3,26,companies_st_partner/year=2024/month=3/26.csv,2024-03-27 02:00:35,2024-03-26
240,companies_st_partner,2024,3,27,companies_st_partner/year=2024/month=3/27.csv,2024-03-28 02:00:23,2024-03-27
241,companies_st_partner,2024,3,28,companies_st_partner/year=2024/month=3/28.csv,2024-03-29 02:00:35,2024-03-28
242,companies_st_partner,2024,3,29,companies_st_partner/year=2024/month=3/29.csv,2024-03-30 02:00:22,2024-03-29
243,companies_st_partner,2024,3,30,companies_st_partner/year=2024/month=3/30.csv,2024-03-31 02:00:50,2024-03-30
244,companies_st_partner,2024,3,31,companies_st_partner/year=2024/month=3/31.csv,2024-04-01 02:00:08,2024-03-31
245,companies_st_partner,2024,4,1,companies_st_partner/year=2024/month=4/1.csv,2024-04-02 02:01:08,2024-04-01
246,companies_st_partner,2024,4,2,companies_st_partner/year=2024/month=4/2.csv,2024-04-03 04:00:35,2024-04-02
247,companies_st_partner,2024,4,3,companies_st_partner/year=2024/month=4/3.csv,2024-04-04 04:00:09,2024-04-03
248,companies_st_partner,2024,4,4,companies_st_partner/year=2024/month=4/4.csv,2024-04-05 04:00:14,2024-04-04
249,companies_st_partner,2024,4,5,companies_st_partner/year=2024/month=4/5.csv,2024-04-06 04:00:13,2024-04-05
250,companies_st_partner,2024,4,6,companies_st_partner/year=2024/month=4/6.csv,2024-04-07 04:00:08,2024-04-06
251,companies_st_partner,2024,4,7,companies_st_partner/year=2024/month=4/7.csv,2024-04-08 04:00:07,2024-04-07
252,companies_st_partner,2024,4,8,companies_st_partner/year=2024/month=4/8.csv,2024-04-09 04:00:27,2024-04-08
253,companies_st_partner,2024,4,9,companies_st_partner/year=2024/month=4/9.csv,2024-04-10 04:00:27,2024-04-09
254,companies_st_partner,2024,4,10,companies_st_partner/year=2024/month=4/10.csv,2024-04-11 04:00:07,2024-04-10
255,companies_st_partner,2024,4,11,companies_st_partner/year=2024/month=4/11.csv,2024-04-12 04:00:08,2024-04-11
256,companies_st_partner,2024,4,12,companies_st_partner/year=2024/month=4/12.csv,2024-04-13 04:00:09,2024-04-12
257,companies_st_partner,2024,4,13,companies_st_partner/year=2024/month=4/13.csv,2024-04-14 04:00:16,2024-04-13
258,companies_st_partner,2024,4,14,companies_st_partner/year=2024/month=4/14.csv,2024-04-15 04:00:30,2024-04-14
259,companies_st_partner,2024,4,15,companies_st_partner/year=2024/month=4/15.csv,2024-04-16 04:00:19,2024-04-15
260,companies_st_partner,2024,4,16,companies_st_partner/year=2024/month=4/16.csv,2024-04-17 04:00:14,2024-04-16
261,companies_st_partner,2024,4,17,companies_st_partner/year=2024/month=4/17.csv,2024-04-18 04:00:28,2024-04-17
262,companies_st_partner,2024,4,18,companies_st_partner/year=2024/month=4/18.csv,2024-04-19 04:00:26,2024-04-18
263,companies_st_partner,2024,4,19,companies_st_partner/year=2024/month=4/19.csv,2024-04-20 04:00:23,2024-04-19
264,companies_st_partner,2024,4,20,companies_st_partner/year=2024/month=4/20.csv,2024-04-21 04:00:14,2024-04-20
265,companies_st_partner,2024,4,21,companies_st_partner/year=2024/month=4/21.csv,2024-04-22 04:00:25,2024-04-21
266,companies_st_partner,2024,4,22,companies_st_partner/year=2024/month=4/22.csv,2024-04-23 09:30:21,2024-04-22
267,companies_st_partner,2024,4,23,companies_st_partner/year=2024/month=4/23.csv,2024-04-24 04:00:24,2024-04-23
268,companies_st_partner,2024,4,24,companies_st_partner/year=2024/month=4/24.csv,2024-04-25 04:00:15,2024-04-24
269,companies_st_partner,2024,4,25,companies_st_partner/year=2024/month=4/25.csv,2024-04-26 04:00:17,2024-04-25
270,companies_st_partner,2024,4,26,companies_st_partner/year=2024/month=4/26.csv,2024-04-27 04:00:07,2024-04-26
271,companies_st_partner,2024,4,27,companies_st_partner/year=2024/month=4/27.csv,2024-04-28 04:00:08,2024-04-27
272,companies_st_partner,2024,4,28,companies_st_partner/year=2024/month=4/28.csv,2024-04-29 04:00:09,2024-04-28
273,companies_st_partner,2024,4,29,companies_st_partner/year=2024/month=4/29.csv,2024-04-30 04:00:22,2024-04-29
274,companies_st_partner,2024,4,30,companies_st_partner/year=2024/month=4/30.csv,2024-05-01 04:00:07,2024-04-30
275,companies_st_partner,2024,5,1,companies_st_partner/year=2024/month=5/1.csv,2024-05-02 04:00:06,2024-05-01
276,companies_st_partner,2024,5,2,companies_st_partner/year=2024/month=5/2.csv,2024-05-03 04:00:23,2024-05-02
277,companies_st_partner,2024,5,3,companies_st_partner/year=2024/month=5/3.csv,2024-05-04 04:00:10,2024-05-03
278,companies_st_partner,2024,5,4,companies_st_partner/year=2024/month=5/4.csv,2024-05-05 04:00:14,2024-05-04
279,companies_st_partner,2024,5,5,companies_st_partner/year=2024/month=5/5.csv,2024-05-06 04:00:08,2024-05-05
280,companies_st_partner,2024,5,6,companies_st_partner/year=2024/month=5/6.csv,2024-05-07 04:00:06,2024-05-06
281,companies_st_partner,2024,5,7,companies_st_partner/year=2024/month=5/7.csv,2024-05-08 04:00:24,2024-05-07
282,companies_st_partner,2024,5,8,companies_st_partner/year=2024/month=5/8.csv,2024-05-09 04:00:07,2024-05-08
283,companies_st_partner,2024,5,9,companies_st_partner/year=2024/month=5/9.csv,2024-05-10 04:00:08,2024-05-09
284,companies_st_partner,2024,5,10,companies_st_partner/year=2024/month=5/10.csv,2024-05-11 04:00:16,2024-05-10
285,companies_st_partner,2024,5,11,companies_st_partner/year=2024/month=5/11.csv,2024-05-12 04:00:07,2024-05-11
286,companies_st_partner,2024,5,12,companies_st_partner/year=2024/month=5/12.csv,2024-05-13 04:00:08,2024-05-12
287,companies_st_partner,2024,5,13,companies_st_partner/year=2024/month=5/13.csv,2024-05-14 04:00:07,2024-05-13
288,companies_st_partner,2024,5,14,companies_st_partner/year=2024/month=5/14.csv,2024-05-15 04:00:09,2024-05-14
289,companies_st_partner,2024,5,15,companies_st_partner/year=2024/month=5/15.csv,2024-05-16 04:00:23,2024-05-15
290,companies_st_partner,2024,5,16,companies_st_partner/year=2024/month=5/16.csv,2024-05-17 04:00:19,2024-05-16
291,companies_st_partner,2024,5,17,companies_st_partner/year=2024/month=5/17.csv,2024-05-18 04:00:15,2024-05-17
292,companies_st_partner,2024,5,18,companies_st_partner/year=2024/month=5/18.csv,2024-05-19 04:00:10,2024-05-18
293,companies_st_partner,2024,5,19,companies_st_partner/year=2024/month=5/19.csv,2024-05-20 04:00:10,2024-05-19
294,companies_st_partner,2024,5,20,companies_st_partner/year=2024/month=5/20.csv,2024-05-21 04:00:25,2024-05-20
295,companies_st_partner,2024,5,21,companies_st_partner/year=2024/month=5/21.csv,2024-05-22 04:00:22,2024-05-21
296,companies_st_partner,2024,5,22,companies_st_partner/year=2024/month=5/22.csv,2024-05-23 04:00:23,2024-05-22
297,companies_st_partner,2024,5,23,companies_st_partner/year=2024/month=5/23.csv,2024-05-24 04:00:11,2024-05-23
298,companies_st_partner,2024,5,24,companies_st_partner/year=2024/month=5/24.csv,2024-05-25 04:00:22,2024-05-24
299,companies_st_partner,2024,5,25,companies_st_partner/year=2024/month=5/25.csv,2024-05-26 04:00:08,2024-05-25
300,companies_st_partner,2024,5,26,companies_st_partner/year=2024/month=5/26.csv,2024-05-27 04:00:07,2024-05-26
301,companies_st_partner,2024,5,27,companies_st_partner/year=2024/month=5/27.csv,2024-05-28 04:00:22,2024-05-27
302,companies_st_partner,2024,5,28,companies_st_partner/year=2024/month=5/28.csv,2024-05-29 04:01:01,2024-05-28
303,companies_st_partner,2024,5,29,companies_st_partner/year=2024/month=5/29.csv,2024-05-30 04:00:27,2024-05-29
304,companies_st_partner,2024,5,30,companies_st_partner/year=2024/month=5/30.csv,2024-05-31 04:00:17,2024-05-30
305,companies_st_partner,2024,5,31,companies_st_partner/year=2024/month=5/31.csv,2024-06-01 04:00:07,2024-05-31
306,companies_st_partner,2024,6,1,companies_st_partner/year=2024/month=6/1.csv,2024-06-02 04:00:24,2024-06-01
307,companies_st_partner,2024,6,2,companies_st_partner/year=2024/month=6/2.csv,2024-06-03 04:00:07,2024-06-02
308,companies_st_partner,2024,6,3,companies_st_partner/year=2024/month=6/3.csv,2024-06-04 04:00:15,2024-06-03
309,companies_st_partner,2024,6,4,companies_st_partner/year=2024/month=6/4.csv,2024-06-05 04:00:07,2024-06-04
310,companies_st_partner,2024,6,5,companies_st_partner/year=2024/month=6/5.csv,2024-06-06 04:00:07,2024-06-05
311,companies_st_partner,2024,6,6,companies_st_partner/year=2024/month=6/6.csv,2024-06-07 04:00:30,2024-06-06
312,companies_st_partner,2024,6,7,companies_st_partner/year=2024/month=6/7.csv,2024-06-08 04:00:08,2024-06-07
313,companies_st_partner,2024,6,8,companies_st_partner/year=2024/month=6/8.csv,2024-06-09 04:00:08,2024-06-08
314,companies_st_partner,2024,6,9,companies_st_partner/year=2024/month=6/9.csv,2024-06-10 04:00:08,2024-06-09
315,companies_st_partner,2024,6,10,companies_st_partner/year=2024/month=6/10.csv,2024-06-11 04:00:07,2024-06-10
316,companies_st_partner,2024,6,11,companies_st_partner/year=2024/month=6/11.csv,2024-06-12 04:00:08,2024-06-11
317,companies_st_partner,2024,6,12,companies_st_partner/year=2024/month=6/12.csv,2024-06-13 04:00:07,2024-06-12
318,companies_st_partner,2024,6,13,companies_st_partner/year=2024/month=6/13.csv,2024-06-14 04:00:17,2024-06-13
319,companies_st_partner,2024,6,14,companies_st_partner/year=2024/month=6/14.csv,2024-06-15 04:00:07,2024-06-14
320,companies_st_partner,2024,6,15,companies_st_partner/year=2024/month=6/15.csv,2024-06-16 04:00:07,2024-06-15
321,companies_st_partner,2024,6,16,companies_st_partner/year=2024/month=6/16.csv,2024-06-17 04:00:07,2024-06-16
322,companies_st_partner,2024,6,17,companies_st_partner/year=2024/month=6/17.csv,2024-06-18 04:00:07,2024-06-17
323,companies_st_partner,2024,6,18,companies_st_partner/year=2024/month=6/18.csv,2024-06-19 04:00:13,2024-06-18
324,companies_st_partner,2024,6,19,companies_st_partner/year=2024/month=6/19.csv,2024-06-20 04:00:35,2024-06-19
325,companies_st_partner,2024,6,20,companies_st_partner/year=2024/month=6/20.csv,2024-06-21 04:00:07,2024-06-20
326,companies_st_partner,2024,6,21,companies_st_partner/year=2024/month=6/21.csv,2024-06-22 04:00:08,2024-06-21
327,companies_st_partner,2024,6,22,companies_st_partner/year=2024/month=6/22.csv,2024-06-23 04:00:16,2024-06-22
328,companies_st_partner,2024,6,23,companies_st_partner/year=2024/month=6/23.csv,2024-06-24 04:00:08,2024-06-23
329,companies_st_partner,2024,6,24,companies_st_partner/year=2024/month=6/24.csv,2024-06-25 04:00:08,2024-06-24
330,companies_st_partner,2024,6,25,companies_st_partner/year=2024/month=6/25.csv,2024-06-26 04:00:24,2024-06-25
331,companies_st_partner,2024,6,26,companies_st_partner/year=2024/month=6/26.csv,2024-06-27 04:00:09,2024-06-26
332,companies_st_partner,2024,6,27,companies_st_partner/year=2024/month=6/27.csv,2024-06-28 04:00:27,2024-06-27
333,companies_st_partner,2024,6,28,companies_st_partner/year=2024/month=6/28.csv,2024-06-29 04:00:53,2024-06-28
334,companies_st_partner,2024,6,29,companies_st_partner/year=2024/month=6/29.csv,2024-06-30 04:00:08,2024-06-29
335,companies_st_partner,2024,6,30,companies_st_partner/year=2024/month=6/30.csv,2024-07-01 04:00:08,2024-06-30
336,companies_st_partner,2024,7,1,companies_st_partner/year=2024/month=7/1.csv,2024-07-02 04:00:08,2024-07-01
337,companies_st_partner,2024,7,2,companies_st_partner/year=2024/month=7/2.csv,2024-07-03 04:00:08,2024-07-02
338,companies_st_partner,2024,7,3,companies_st_partner/year=2024/month=7/3.csv,2024-07-04 04:00:19,2024-07-03
339,companies_st_partner,2024,7,4,companies_st_partner/year=2024/month=7/4.csv,2024-07-05 04:00:07,2024-07-04
340,companies_st_partner,2024,7,5,companies_st_partner/year=2024/month=7/5.csv,2024-07-06 04:00:06,2024-07-05
341,companies_st_partner,2024,7,6,companies_st_partner/year=2024/month=7/6.csv,2024-07-07 04:00:07,2024-07-06
342,companies_st_partner,2024,7,7,companies_st_partner/year=2024/month=7/7.csv,2024-07-08 04:00:07,2024-07-07
343,companies_st_partner,2024,7,8,companies_st_partner/year=2024/month=7/8.csv,2024-07-09 04:00:07,2024-07-08
344,companies_st_partner,2024,7,9,companies_st_partner/year=2024/month=7/9.csv,2024-07-10 04:00:08,2024-07-09
345,companies_st_partner,2024,7,10,companies_st_partner/year=2024/month=7/10.csv,2024-07-11 04:00:09,2024-07-10
346,companies_st_partner,2024,7,11,companies_st_partner/year=2024/month=7/11.csv,2024-07-12 04:00:07,2024-07-11
347,companies_st_partner,2024,7,12,companies_st_partner/year=2024/month=7/12.csv,2024-07-13 04:00:08,2024-07-12
348,companies_st_partner,2024,7,13,companies_st_partner/year=2024/month=7/13.csv,2024-07-14 04:00:07,2024-07-13
349,companies_st_partner,2024,7,14,companies_st_partner/year=2024/month=7/14.csv,2024-07-15 04:00:09,2024-07-14
350,companies_st_partner,2024,7,15,companies_st_partner/year=2024/month=7/15.csv,2024-07-16 04:00:15,2024-07-15
351,companies_st_partner,2024,7,16,companies_st_partner/year=2024/month=7/16.csv,2024-07-17 04:00:28,2024-07-16
352,companies_st_partner,2024,7,17,companies_st_partner/year=2024/month=7/17.csv,2024-07-18 04:00:09,2024-07-17
353,companies_st_partner,2024,7,18,companies_st_partner/year=2024/month=7/18.csv,2024-07-19 04:00:15,2024-07-18
354,companies_st_partner,2024,7,19,companies_st_partner/year=2024/month=7/19.csv,2024-07-20 04:00:08,2024-07-19
355,companies_st_partner,2024,7,20,companies_st_partner/year=2024/month=7/20.csv,2024-07-21 04:00:08,2024-07-20
356,companies_st_partner,2024,7,21,companies_st_partner/year=2024/month=7/21.csv,2024-07-22 04:00:07,2024-07-21
357,companies_st_partner,2024,7,22,companies_st_partner/year=2024/month=7/22.csv,2024-07-23 04:00:17,2024-07-22
358,companies_st_partner,2024,7,23,companies_st_partner/year=2024/month=7/23.csv,2024-07-24 04:00:18,2024-07-23
359,companies_st_partner,2024,7,24,companies_st_partner/year=2024/month=7/24.csv,2024-07-25 04:00:30,2024-07-24
360,companies_st_partner,2024,7,25,companies_st_partner/year=2024/month=7/25.csv,2024-07-26 04:00:09,2024-07-25
361,companies_st_partner,2024,7,26,companies_st_partner/year=2024/month=7/26.csv,2024-07-27 04:00:07,2024-07-26
362,companies_st_partner,2024,7,27,companies_st_partner/year=2024/month=7/27.csv,2024-07-28 04:00:08,2024-07-27
363,companies_st_partner,2024,7,28,companies_st_partner/year=2024/month=7/28.csv,2024-07-29 04:00:07,2024-07-28
364,companies_st_partner,2024,7,29,companies_st_partner/year=2024/month=7/29.csv,2024-07-30 04:00:31,2024-07-29
365,companies_st_partner,2024,7,30,companies_st_partner/year=2024/month=7/30.csv,2024-07-31 04:00:16,2024-07-30
366,companies_st_partner,2024,7,31,companies_st_partner/year=2024/month=7/31.csv,2024-08-01 04:00:23,2024-07-31
367,companies_st_partner,2024,8,1,companies_st_partner/year=2024/month=8/1.csv,2024-08-02 04:00:19,2024-08-01
368,companies_st_partner,2024,8,5,companies_st_partner/year=2024/month=8/5.csv,2024-08-06 04:00:08,2024-08-05
369,companies_st_partner,2024,8,6,companies_st_partner/year=2024/month=8/6.csv,2024-08-07 04:00:08,2024-08-06
370,companies_st_partner,2024,8,7,companies_st_partner/year=2024/month=8/7.csv,2024-08-08 04:00:20,2024-08-07
371,companies_st_partner,2024,8,4,companies_st_partner/year=2024/month=8/4.csv,2024-08-08 16:55:37,2024-08-04
372,companies_st_partner,2024,8,3,companies_st_partner/year=2024/month=8/3.csv,2024-08-08 16:55:37,2024-08-03
373,companies_st_partner,2024,8,2,companies_st_partner/year=2024/month=8/2.csv,2024-08-08 16:55:37,2024-08-02
374,companies_st_partner,2024,8,8,companies_st_partner/year=2024/month=8/8.csv,2024-08-09 04:00:07,2024-08-08
375,companies_st_partner,2024,8,9,companies_st_partner/year=2024/month=8/9.csv,2024-08-10 04:00:08,2024-08-09
376,companies_st_partner,2024,8,10,companies_st_partner/year=2024/month=8/10.csv,2024-08-11 04:00:08,2024-08-10
377,companies_st_partner,2024,8,11,companies_st_partner/year=2024/month=8/11.csv,2024-08-12 04:00:08,2024-08-11
378,companies_st_partner,2024,8,12,companies_st_partner/year=2024/month=8/12.csv,2024-08-13 04:00:08,2024-08-12
379,companies_st_partner,2024,8,13,companies_st_partner/year=2024/month=8/13.csv,2024-08-14 04:00:10,2024-08-13
380,companies_st_partner,2024,8,14,companies_st_partner/year=2024/month=8/14.csv,2024-08-15 04:00:24,2024-08-14
381,companies_st_partner,2024,8,15,companies_st_partner/year=2024/month=8/15.csv,2024-08-16 04:00:09,2024-08-15
382,companies_st_partner,2024,8,16,companies_st_partner/year=2024/month=8/16.csv,2024-08-17 04:00:14,2024-08-16
383,companies_st_partner,2024,8,17,companies_st_partner/year=2024/month=8/17.csv,2024-08-18 04:00:26,2024-08-17
384,companies_st_partner,2024,8,18,companies_st_partner/year=2024/month=8/18.csv,2024-08-19 04:00:15,2024-08-18
385,companies_st_partner,2024,8,19,companies_st_partner/year=2024/month=8/19.csv,2024-08-20 04:00:08,2024-08-19
386,companies_st_partner,2024,8,20,companies_st_partner/year=2024/month=8/20.csv,2024-08-21 04:00:27,2024-08-20
387,companies_st_partner,2024,8,21,companies_st_partner/year=2024/month=8/21.csv,2024-08-22 04:00:07,2024-08-21
388,companies_st_partner,2024,8,22,companies_st_partner/year=2024/month=8/22.csv,2024-08-23 04:00:36,2024-08-22
389,companies_st_partner,2024,8,23,companies_st_partner/year=2024/month=8/23.csv,2024-08-24 04:00:18,2024-08-23
390,companies_st_partner,2024,8,24,companies_st_partner/year=2024/month=8/24.csv,2024-08-25 04:00:23,2024-08-24
391,companies_st_partner,2024,8,25,companies_st_partner/year=2024/month=8/25.csv,2024-08-26 04:00:12,2024-08-25
392,companies_st_partner,2024,8,26,companies_st_partner/year=2024/month=8/26.csv,2024-08-27 04:00:11,2024-08-26
393,companies_st_partner,2024,8,27,companies_st_partner/year=2024/month=8/27.csv,2024-08-28 04:00:08,2024-08-27
394,companies_st_partner,2024,8,28,companies_st_partner/year=2024/month=8/28.csv,2024-08-29 04:00:22,2024-08-28
395,companies_st_partner,2024,8,29,companies_st_partner/year=2024/month=8/29.csv,2024-08-30 04:00:09,2024-08-29
396,companies_st_partner,2024,8,30,companies_st_partner/year=2024/month=8/30.csv,2024-08-31 04:00:08,2024-08-30
397,companies_st_partner,2024,8,31,companies_st_partner/year=2024/month=8/31.csv,2024-09-01 04:00:16,2024-08-31
398,companies_st_partner,2024,9,1,companies_st_partner/year=2024/month=9/1.csv,2024-09-02 04:00:08,2024-09-01
399,companies_st_partner,2024,9,2,companies_st_partner/year=2024/month=9/2.csv,2024-09-03 04:01:13,2024-09-02
400,companies_st_partner,2024,9,3,companies_st_partner/year=2024/month=9/3.csv,2024-09-04 04:00:18,2024-09-03
401,companies_st_partner,2024,9,4,companies_st_partner/year=2024/month=9/4.csv,2024-09-05 04:00:10,2024-09-04
402,companies_st_partner,2024,9,5,companies_st_partner/year=2024/month=9/5.csv,2024-09-06 04:00:10,2024-09-05
403,companies_st_partner,2024,9,6,companies_st_partner/year=2024/month=9/6.csv,2024-09-07 04:00:13,2024-09-06
404,companies_st_partner,2024,9,7,companies_st_partner/year=2024/month=9/7.csv,2024-09-08 04:00:31,2024-09-07
405,companies_st_partner,2024,9,8,companies_st_partner/year=2024/month=9/8.csv,2024-09-09 04:00:09,2024-09-08
406,companies_st_partner,2024,9,9,companies_st_partner/year=2024/month=9/9.csv,2024-09-10 04:00:12,2024-09-09
407,companies_st_partner,2024,9,10,companies_st_partner/year=2024/month=9/10.csv,2024-09-11 04:01:35,2024-09-10
408,companies_st_partner,2024,9,11,companies_st_partner/year=2024/month=9/11.csv,2024-09-12 04:00:34,2024-09-11
409,companies_st_partner,2024,9,12,companies_st_partner/year=2024/month=9/12.csv,2024-09-13 04:00:27,2024-09-12
410,companies_st_partner,2024,9,13,companies_st_partner/year=2024/month=9/13.csv,2024-09-14 04:00:27,2024-09-13
411,companies_st_partner,2024,9,14,companies_st_partner/year=2024/month=9/14.csv,2024-09-15 04:00:07,2024-09-14
412,companies_st_partner,2024,9,15,companies_st_partner/year=2024/month=9/15.csv,2024-09-16 04:00:07,2024-09-15
413,companies_st_partner,2024,9,16,companies_st_partner/year=2024/month=9/16.csv,2024-09-17 04:00:10,2024-09-16
414,companies_st_partner,2024,9,17,companies_st_partner/year=2024/month=9/17.csv,2024-09-18 04:00:15,2024-09-17
415,companies_st_partner,2024,9,18,companies_st_partner/year=2024/month=9/18.csv,2024-09-19 04:00:19,2024-09-18
416,companies_st_partner,2024,9,19,companies_st_partner/year=2024/month=9/19.csv,2024-09-20 04:00:07,2024-09-19
417,companies_st_partner,2024,9,20,companies_st_partner/year=2024/month=9/20.csv,2024-09-21 04:00:12,2024-09-20
418,companies_st_partner,2024,9,21,companies_st_partner/year=2024/month=9/21.csv,2024-09-22 04:00:31,2024-09-21
419,companies_st_partner,2024,9,22,companies_st_partner/year=2024/month=9/22.csv,2024-09-23 04:00:09,2024-09-22
420,companies_st_partner,2024,9,23,companies_st_partner/year=2024/month=9/23.csv,2024-09-24 04:00:07,2024-09-23
421,companies_st_partner,2024,9,24,companies_st_partner/year=2024/month=9/24.csv,2024-09-25 04:00:16,2024-09-24
422,companies_st_partner,2024,9,25,companies_st_partner/year=2024/month=9/25.csv,2024-09-26 04:00:07,2024-09-25
423,companies_st_partner,2024,9,26,companies_st_partner/year=2024/month=9/26.csv,2024-09-27 04:00:24,2024-09-26
424,companies_st_partner,2024,9,27,companies_st_partner/year=2024/month=9/27.csv,2024-09-28 04:00:15,2024-09-27
425,companies_st_partner,2024,9,28,companies_st_partner/year=2024/month=9/28.csv,2024-09-29 04:00:08,2024-09-28
426,companies_st_partner,2024,9,29,companies_st_partner/year=2024/month=9/29.csv,2024-09-30 04:00:15,2024-09-29
427,companies_st_partner,2024,9,30,companies_st_partner/year=2024/month=9/30.csv,2024-10-01 04:00:34,2024-09-30
428,companies_st_partner,2024,10,1,companies_st_partner/year=2024/month=10/1.csv,2024-10-02 04:00:08,2024-10-01
429,companies_st_partner,2024,10,2,companies_st_partner/year=2024/month=10/2.csv,2024-10-03 04:00:14,2024-10-02
430,companies_st_partner,2024,10,3,companies_st_partner/year=2024/month=10/3.csv,2024-10-04 04:00:19,2024-10-03
431,companies_st_partner,2024,10,4,companies_st_partner/year=2024/month=10/4.csv,2024-10-05 04:00:08,2024-10-04
432,companies_st_partner,2024,10,5,companies_st_partner/year=2024/month=10/5.csv,2024-10-06 04:00:08,2024-10-05
433,companies_st_partner,2024,10,6,companies_st_partner/year=2024/month=10/6.csv,2024-10-07 04:00:10,2024-10-06
434,companies_st_partner,2024,10,7,companies_st_partner/year=2024/month=10/7.csv,2024-10-08 04:00:23,2024-10-07
435,companies_st_partner,2024,10,8,companies_st_partner/year=2024/month=10/8.csv,2024-10-09 04:00:24,2024-10-08
436,companies_st_partner,2024,10,9,companies_st_partner/year=2024/month=10/9.csv,2024-10-10 04:00:28,2024-10-09
437,companies_st_partner,2024,10,10,companies_st_partner/year=2024/month=10/10.csv,2024-10-11 04:00:10,2024-10-10
438,companies_st_partner,2024,10,11,companies_st_partner/year=2024/month=10/11.csv,2024-10-12 04:00:08,2024-10-11
439,companies_st_partner,2024,10,12,companies_st_partner/year=2024/month=10/12.csv,2024-10-13 04:00:08,2024-10-12
440,companies_st_partner,2024,10,13,companies_st_partner/year=2024/month=10/13.csv,2024-10-14 04:00:07,2024-10-13
441,companies_st_partner,2024,10,14,companies_st_partner/year=2024/month=10/14.csv,2024-10-15 04:00:19,2024-10-14
442,companies_st_partner,2024,10,15,companies_st_partner/year=2024/month=10/15.csv,2024-10-16 04:01:30,2024-10-15
443,companies_st_partner,2024,10,16,companies_st_partner/year=2024/month=10/16.csv,2024-10-17 04:00:27,2024-10-16
444,companies_st_partner,2024,10,17,companies_st_partner/year=2024/month=10/17.csv,2024-10-18 04:00:25,2024-10-17
445,companies_st_partner,2024,10,18,companies_st_partner/year=2024/month=10/18.csv,2024-10-19 04:00:12,2024-10-18
446,companies_st_partner,2024,10,19,companies_st_partner/year=2024/month=10/19.csv,2024-10-20 04:00:18,2024-10-19
447,companies_st_partner,2024,10,20,companies_st_partner/year=2024/month=10/20.csv,2024-10-21 04:00:07,2024-10-20
448,companies_st_partner,2024,10,21,companies_st_partner/year=2024/month=10/21.csv,2024-10-22 04:00:21,2024-10-21
449,companies_st_partner,2024,10,22,companies_st_partner/year=2024/month=10/22.csv,2024-10-23 04:00:11,2024-10-22
450,companies_st_partner,2024,10,23,companies_st_partner/year=2024/month=10/23.csv,2024-10-24 04:00:08,2024-10-23
451,companies_st_partner,2024,10,24,companies_st_partner/year=2024/month=10/24.csv,2024-10-25 04:00:19,2024-10-24
452,companies_st_partner,2024,10,25,companies_st_partner/year=2024/month=10/25.csv,2024-10-26 04:00:09,2024-10-25
453,companies_st_partner,2024,10,26,companies_st_partner/year=2024/month=10/26.csv,2024-10-27 04:00:09,2024-10-26
454,companies_st_partner,2024,10,27,companies_st_partner/year=2024/month=10/27.csv,2024-10-28 04:00:12,2024-10-27
455,companies_st_partner,2024,10,28,companies_st_partner/year=2024/month=10/28.csv,2024-10-29 04:01:14,2024-10-28
456,companies_st_partner,2024,10,29,companies_st_partner/year=2024/month=10/29.csv,2024-10-30 04:00:21,2024-10-29
457,companies_st_partner,2024,10,30,companies_st_partner/year=2024/month=10/30.csv,2024-10-31 04:00:12,2024-10-30
458,companies_st_partner,2024,10,31,companies_st_partner/year=2024/month=10/31.csv,2024-11-01 04:00:29,2024-10-31
459,companies_st_partner,2024,11,1,companies_st_partner/year=2024/month=11/1.csv,2024-11-02 04:01:13,2024-11-01
460,companies_st_partner,2024,11,2,companies_st_partner/year=2024/month=11/2.csv,2024-11-03 04:00:11,2024-11-02
461,companies_st_partner,2024,11,3,companies_st_partner/year=2024/month=11/3.csv,2024-11-04 04:00:08,2024-11-03
462,companies_st_partner,2024,11,4,companies_st_partner/year=2024/month=11/4.csv,2024-11-05 04:00:08,2024-11-04
463,companies_st_partner,2024,11,5,companies_st_partner/year=2024/month=11/5.csv,2024-11-06 04:01:21,2024-11-05
464,companies_st_partner,2024,11,6,companies_st_partner/year=2024/month=11/6.csv,2024-11-07 04:00:42,2024-11-06
465,companies_st_partner,2024,11,7,companies_st_partner/year=2024/month=11/7.csv,2024-11-08 04:00:44,2024-11-07
466,companies_st_partner,2024,11,8,companies_st_partner/year=2024/month=11/8.csv,2024-11-09 04:00:12,2024-11-08
467,companies_st_partner,2024,11,9,companies_st_partner/year=2024/month=11/9.csv,2024-11-10 04:00:24,2024-11-09
468,companies_st_partner,2024,11,10,companies_st_partner/year=2024/month=11/10.csv,2024-11-11 04:00:14,2024-11-10
469,companies_st_partner,2024,11,11,companies_st_partner/year=2024/month=11/11.csv,2024-11-12 04:00:14,2024-11-11
470,companies_st_partner,2024,11,12,companies_st_partner/year=2024/month=11/12.csv,2024-11-13 04:00:31,2024-11-12
471,companies_st_partner,2024,11,13,companies_st_partner/year=2024/month=11/13.csv,2024-11-14 04:00:16,2024-11-13
472,companies_st_partner,2024,11,14,companies_st_partner/year=2024/month=11/14.csv,2024-11-15 04:00:08,2024-11-14
473,companies_st_partner,2024,11,15,companies_st_partner/year=2024/month=11/15.csv,2024-11-16 04:00:18,2024-11-15
474,companies_st_partner,2024,11,16,companies_st_partner/year=2024/month=11/16.csv,2024-11-17 04:00:07,2024-11-16
475,companies_st_partner,2024,11,17,companies_st_partner/year=2024/month=11/17.csv,2024-11-18 04:00:09,2024-11-17
476,companies_st_partner,2024,11,18,companies_st_partner/year=2024/month=11/18.csv,2024-11-19 04:00:24,2024-11-18
477,companies_st_partner,2024,11,19,companies_st_partner/year=2024/month=11/19.csv,2024-11-20 04:01:10,2024-11-19
478,companies_st_partner,2024,11,20,companies_st_partner/year=2024/month=11/20.csv,2024-11-21 04:00:28,2024-11-20
479,companies_st_partner,2024,11,21,companies_st_partner/year=2024/month=11/21.csv,2024-11-22 04:00:10,2024-11-21
480,companies_st_partner,2024,11,22,companies_st_partner/year=2024/month=11/22.csv,2024-11-23 04:00:17,2024-11-22
481,companies_st_partner,2024,11,23,companies_st_partner/year=2024/month=11/23.csv,2024-11-24 04:00:12,2024-11-23
482,companies_st_partner,2024,11,24,companies_st_partner/year=2024/month=11/24.csv,2024-11-25 04:00:39,2024-11-24
483,companies_st_partner,2024,11,25,companies_st_partner/year=2024/month=11/25.csv,2024-11-26 04:00:21,2024-11-25
484,companies_st_partner,2024,11,26,companies_st_partner/year=2024/month=11/26.csv,2024-11-27 04:00:26,2024-11-26
485,companies_st_partner,2024,11,27,companies_st_partner/year=2024/month=11/27.csv,2024-11-28 04:00:28,2024-11-27
486,companies_st_partner,2024,11,28,companies_st_partner/year=2024/month=11/28.csv,2024-11-29 04:00:44,2024-11-28
487,companies_st_partner,2024,11,29,companies_st_partner/year=2024/month=11/29.csv,2024-11-30 04:00:27,2024-11-29
488,companies_st_partner,2024,11,30,companies_st_partner/year=2024/month=11/30.csv,2024-12-01 04:00:37,2024-11-30
489,companies_st_partner,2024,12,1,companies_st_partner/year=2024/month=12/1.csv,2024-12-02 04:00:08,2024-12-01
490,companies_st_partner,2024,12,2,companies_st_partner/year=2024/month=12/2.csv,2024-12-03 04:00:09,2024-12-02
491,companies_st_partner,2024,12,3,companies_st_partner/year=2024/month=12/3.csv,2024-12-04 04:00:08,2024-12-03
492,companies_st_partner,2024,12,4,companies_st_partner/year=2024/month=12/4.csv,2024-12-05 04:00:08,2024-12-04
493,companies_st_partner,2024,12,5,companies_st_partner/year=2024/month=12/5.csv,2024-12-06 04:00:09,2024-12-05
494,companies_st_partner,2024,12,6,companies_st_partner/year=2024/month=12/6.csv,2024-12-07 04:00:30,2024-12-06
495,companies_st_partner,2024,12,7,companies_st_partner/year=2024/month=12/7.csv,2024-12-08 04:00:17,2024-12-07
496,companies_st_partner,2024,12,8,companies_st_partner/year=2024/month=12/8.csv,2024-12-09 04:00:25,2024-12-08
497,companies_st_partner,2024,12,9,companies_st_partner/year=2024/month=12/9.csv,2024-12-10 04:00:21,2024-12-09
498,companies_st_partner,2024,12,10,companies_st_partner/year=2024/month=12/10.csv,2024-12-11 04:00:15,2024-12-10
499,companies_st_partner,2024,12,11,companies_st_partner/year=2024/month=12/11.csv,2024-12-12 04:00:26,2024-12-11
500,companies_st_partner,2024,12,12,companies_st_partner/year=2024/month=12/12.csv,2024-12-13 04:00:23,2024-12-12
501,companies_st_partner,2024,12,13,companies_st_partner/year=2024/month=12/13.csv,2024-12-14 04:00:09,2024-12-13
502,companies_st_partner,2024,12,14,companies_st_partner/year=2024/month=12/14.csv,2024-12-15 04:00:09,2024-12-14
503,companies_st_partner,2024,12,15,companies_st_partner/year=2024/month=12/15.csv,2024-12-16 04:00:19,2024-12-15
504,companies_st_partner,2024,12,16,companies_st_partner/year=2024/month=12/16.csv,2024-12-17 04:00:17,2024-12-16
505,companies_st_partner,2024,12,17,companies_st_partner/year=2024/month=12/17.csv,2024-12-18 04:00:08,2024-12-17
506,companies_st_partner,2024,12,18,companies_st_partner/year=2024/month=12/18.csv,2024-12-19 04:00:43,2024-12-18
507,companies_st_partner,2024,12,19,companies_st_partner/year=2024/month=12/19.csv,2024-12-20 04:00:21,2024-12-19
508,companies_st_partner,2024,12,20,companies_st_partner/year=2024/month=12/20.csv,2024-12-21 04:00:29,2024-12-20
509,companies_st_partner,2024,12,21,companies_st_partner/year=2024/month=12/21.csv,2024-12-22 04:00:15,2024-12-21
510,companies_st_partner,2024,12,22,companies_st_partner/year=2024/month=12/22.csv,2024-12-23 04:00:12,2024-12-22
511,companies_st_partner,2024,12,23,companies_st_partner/year=2024/month=12/23.csv,2024-12-24 04:00:26,2024-12-23
512,companies_st_partner,2024,12,24,companies_st_partner/year=2024/month=12/24.csv,2024-12-25 04:00:25,2024-12-24
513,companies_st_partner,2024,12,25,companies_st_partner/year=2024/month=12/25.csv,2024-12-26 04:00:10,2024-12-25
514,companies_st_partner,2024,12,26,companies_st_partner/year=2024/month=12/26.csv,2024-12-27 04:00:34,2024-12-26
515,companies_st_partner,2024,12,27,companies_st_partner/year=2024/month=12/27.csv,2024-12-28 04:00:09,2024-12-27
516,companies_st_partner,2024,12,28,companies_st_partner/year=2024/month=12/28.csv,2024-12-29 04:00:08,2024-12-28
517,companies_st_partner,2024,12,29,companies_st_partner/year=2024/month=12/29.csv,2024-12-30 04:00:12,2024-12-29
518,companies_st_partner,2024,12,30,companies_st_partner/year=2024/month=12/30.csv,2024-12-31 04:00:14,2024-12-30
519,companies_st_partner,2024,12,31,companies_st_partner/year=2024/month=12/31.csv,2025-01-01 04:00:15,2024-12-31
520,companies_st_partner,2025,1,1,companies_st_partner/year=2025/month=1/1.csv,2025-01-02 04:00:13,2025-01-01
521,companies_st_partner,2025,1,2,companies_st_partner/year=2025/month=1/2.csv,2025-01-03 04:00:30,2025-01-02
522,companies_st_partner,2025,1,3,companies_st_partner/year=2025/month=1/3.csv,2025-01-04 04:00:08,2025-01-03
523,companies_st_partner,2025,1,4,companies_st_partner/year=2025/month=1/4.csv,2025-01-05 04:00:08,2025-01-04
524,companies_st_partner,2025,1,5,companies_st_partner/year=2025/month=1/5.csv,2025-01-06 04:00:10,2025-01-05
525,companies_st_partner,2025,1,6,companies_st_partner/year=2025/month=1/6.csv,2025-01-07 04:00:08,2025-01-06
526,companies_st_partner,2025,1,7,companies_st_partner/year=2025/month=1/7.csv,2025-01-08 04:00:09,2025-01-07
527,companies_st_partner,2025,1,8,companies_st_partner/year=2025/month=1/8.csv,2025-01-09 04:00:18,2025-01-08
528,companies_st_partner,2025,1,9,companies_st_partner/year=2025/month=1/9.csv,2025-01-10 04:00:09,2025-01-09
529,companies_st_partner,2025,1,10,companies_st_partner/year=2025/month=1/10.csv,2025-01-11 04:00:54,2025-01-10
530,companies_st_partner,2025,1,11,companies_st_partner/year=2025/month=1/11.csv,2025-01-12 04:00:09,2025-01-11
531,companies_st_partner,2025,1,12,companies_st_partner/year=2025/month=1/12.csv,2025-01-13 04:00:09,2025-01-12
532,companies_st_partner,2025,1,13,companies_st_partner/year=2025/month=1/13.csv,2025-01-14 04:00:09,2025-01-13
533,companies_st_partner,2025,1,14,companies_st_partner/year=2025/month=1/14.csv,2025-01-15 04:00:22,2025-01-14
534,companies_st_partner,2025,1,15,companies_st_partner/year=2025/month=1/15.csv,2025-01-16 04:00:23,2025-01-15
535,companies_st_partner,2025,1,16,companies_st_partner/year=2025/month=1/16.csv,2025-01-17 04:00:22,2025-01-16
536,companies_st_partner,2025,1,17,companies_st_partner/year=2025/month=1/17.csv,2025-01-18 04:00:30,2025-01-17
537,companies_st_partner,2025,1,18,companies_st_partner/year=2025/month=1/18.csv,2025-01-19 04:00:15,2025-01-18
538,companies_st_partner,2025,1,19,companies_st_partner/year=2025/month=1/19.csv,2025-01-20 04:00:22,2025-01-19
539,companies_st_partner,2025,1,20,companies_st_partner/year=2025/month=1/20.csv,2025-01-21 04:00:23,2025-01-20
540,companies_st_partner,2025,1,21,companies_st_partner/year=2025/month=1/21.csv,2025-01-22 04:00:26,2025-01-21
541,companies_st_partner,2025,1,22,companies_st_partner/year=2025/month=1/22.csv,2025-01-23 04:00:24,2025-01-22
542,companies_st_partner,2025,1,23,companies_st_partner/year=2025/month=1/23.csv,2025-01-24 04:00:39,2025-01-23
543,companies_st_partner,2025,1,24,companies_st_partner/year=2025/month=1/24.csv,2025-01-25 04:00:29,2025-01-24
544,companies_st_partner,2025,1,25,companies_st_partner/year=2025/month=1/25.csv,2025-01-26 04:00:19,2025-01-25
545,companies_st_partner,2025,1,26,companies_st_partner/year=2025/month=1/26.csv,2025-01-27 04:00:14,2025-01-26
546,companies_st_partner,2025,1,27,companies_st_partner/year=2025/month=1/27.csv,2025-01-28 04:00:25,2025-01-27
547,companies_st_partner,2025,1,28,companies_st_partner/year=2025/month=1/28.csv,2025-01-29 04:00:26,2025-01-28
548,companies_st_partner,2025,1,29,companies_st_partner/year=2025/month=1/29.csv,2025-01-30 04:00:40,2025-01-29
549,companies_st_partner,2025,1,30,companies_st_partner/year=2025/month=1/30.csv,2025-01-31 04:00:09,2025-01-30
550,companies_st_partner,2025,1,31,companies_st_partner/year=2025/month=1/31.csv,2025-02-01 04:00:10,2025-01-31
551,companies_st_partner,2025,2,1,companies_st_partner/year=2025/month=2/1.csv,2025-02-02 04:00:10,2025-02-01
552,companies_st_partner,2025,2,2,companies_st_partner/year=2025/month=2/2.csv,2025-02-03 04:00:26,2025-02-02
553,companies_st_partner,2025,2,3,companies_st_partner/year=2025/month=2/3.csv,2025-02-04 04:00:21,2025-02-03
554,companies_st_partner,2025,2,4,companies_st_partner/year=2025/month=2/4.csv,2025-02-05 04:00:37,2025-02-04
555,companies_st_partner,2025,2,5,companies_st_partner/year=2025/month=2/5.csv,2025-02-06 04:00:14,2025-02-05
556,companies_st_partner,2025,2,6,companies_st_partner/year=2025/month=2/6.csv,2025-02-07 04:00:33,2025-02-06
557,companies_st_partner,2025,2,7,companies_st_partner/year=2025/month=2/7.csv,2025-02-08 04:00:35,2025-02-07
558,companies_st_partner,2025,2,8,companies_st_partner/year=2025/month=2/8.csv,2025-02-09 04:00:10,2025-02-08
559,companies_st_partner,2025,2,9,companies_st_partner/year=2025/month=2/9.csv,2025-02-10 04:00:32,2025-02-09
560,companies_st_partner,2025,2,10,companies_st_partner/year=2025/month=2/10.csv,2025-02-11 04:00:21,2025-02-10
561,companies_st_partner,2025,2,11,companies_st_partner/year=2025/month=2/11.csv,2025-02-12 04:00:19,2025-02-11
