,Отметка времени,Асгард [.],Видео [.],Бизнесс аппс [.],Мобильный приложение  [.],Железо [.],Серийный номер,Тип устройства,Другое,Вопрос без заголовка [Ряд 2],Вопрос без заголовка [Ряд 3],counter
0,2024-05-14 10:36:44,,Прошивка камеры,,,,2330153150,Домофон,,,,0
1,2024-05-14 10:36:55,,Прошивка камеры,,,,2330153339,Домофон,,,,0
2,2024-05-14 10:37:40,,Архивы (с подпунктами),,,,2018200027,Домофон,"Не шел архив, синхрон",,,0
3,2024-05-14 10:38:31,,Архивы (с подпунктами),,,,2235145454,Домофон,Нет архива от партнера,,,0
4,2024-05-14 10:38:48,,,,,Оффлайн,2108118798,Домофон,,,,0
5,2024-05-14 10:39:05,,Нет видео,,,,2235143370,Домофон,,,,0
6,2024-05-14 10:39:34,,,,Оплата подписки,,2329250486,Домофон,"не прошла оплата, повторная привязка карты",,,0
7,2024-05-14 10:39:53,,Нет видео,,,,1921100319,Домофон,Подтолкнул поток ,,,0
8,2024-05-14 10:40:07,,,,,Оффлайн,1944104979,Домофон,,,,0
9,2024-05-14 10:40:30,,,,Прочие,,2125129138,Домофон,Удаление акка,,,0
10,2024-05-14 10:40:42,,,,Оплата подписки,,2012105982,Домофон,,,,0
11,2024-05-14 10:42:56,,,,,,2121123293,Домофон,Заказать ключ,,,0
12,2024-05-14 10:43:59,,,,,,2348251320,Домофон,Приобрести ключ,,,0
13,2024-05-14 10:44:25,,,,,,2235142812,Домофон,Приобрести ключ,,,0
14,2024-05-14 10:46:06,,,,,,2108117819,Домофон,"Не работает кнопка с цифрой ""2"" и механизм самозакрывания двери не дотягивает дверь и та не закрывается электромагнитом",,,0
15,2024-05-14 10:46:57,,,,,,2121123493,Камера,Загрязнение на камере,,,0
16,2024-05-14 10:47:33,Оффлайн,,,,,1944103047,Домофон,,,,0
17,2024-05-14 10:48:03,,,,,,2401155097,Домофон,Вопрос по оплате за домофон и уточнение лицевого счета,,,0
18,2024-05-14 10:48:48,,,,,,2018111037,Домофон,"Вопрос по дополнительным камерам, которых нет в нашей системе",,,0
19,2024-05-14 10:50:02,,,,,,nan,Домофон,"Проблемы с регистрацией (не вводится 0), предположительно на адресе установлен не домофон ""Спутник""",,,0
20,2024-05-14 10:50:50,Псевдооффлайн,,,,,2108119904,Домофон,,,,0
21,2024-05-14 10:51:07,,,,Оплата подписки,,2401155181,Домофон,,,,0
22,2024-05-14 10:51:23,,,,Семья/админ,,2125126589,Домофон,,,,0
23,2024-05-14 10:51:40,Оффлайн,,,,,1944105206,Домофон,,,,0
24,2024-05-14 10:52:48,Псевдооффлайн,,,,,2018115327,Домофон,,,,0
25,2024-05-14 10:53:13,,,,,Не приходят звонки на ТАП,1944104680,Домофон,Вопрос по оплате за домофон и уточнение лицевого счета,,,0
26,2024-05-14 10:53:24,,,,Оплата подписки,,2401155196,Домофон,,,,0
27,2024-05-14 10:54:06,,Прошивка камеры,,,,1944102121,Домофон,,,,0
28,2024-05-14 10:54:10,Псевдооффлайн,,,,,2125126486,Домофон,,,,0
29,2024-05-14 10:54:37,Псевдооффлайн,,,,,2012105334,Домофон,,,,0
30,2024-05-14 10:54:39,,Нет видео,,,,2012109121,Камера,,,,0
31,2024-05-14 10:54:51,,Нет видео,,,,1944105106,Камера,,,,0
32,2024-05-14 10:55:23,,,,,,2121125192,Домофон,Звук в режиме просмотра видео и архива,,,0
33,2024-05-14 10:55:42,Оффлайн,,,,,2236149785,Домофон,,,,0
34,2024-05-14 10:55:52,Оффлайн,,,,,2108117568,Домофон,,,,0
35,2024-05-14 10:56:25,,,,,,2121123692,Камера,"В приложении нет видео, с камеры видео передается",,,0
36,2024-05-14 10:56:38,Оффлайн,,,,,2108117568,Домофон,,,,0
37,2024-05-14 10:56:54,,,,,,2125129337,Камера,"В приложении нет видео, с камеры видео передается",,,0
38,2024-05-14 10:57:05,Оффлайн,,,,,2108118049,Домофон,,,,0
39,2024-05-14 10:57:20,,,,,,2121121305,Камера,"В приложении нет видео, с камеры видео передается",,,0
40,2024-05-14 10:57:33,,,,Оплата подписки,,2121125342,Домофон,,,,0
41,2024-05-14 10:57:50,,,,,,2101116045,Домофон,"В приложении нет видео, с камеры видео передается",,,0
42,2024-05-14 10:58:12,,,,,,1944104825,Домофон,Переключение между домофонами в приложении,,,0
43,2024-05-14 10:58:32,Оффлайн,,,Оплата подписки,,2108120392,Домофон,,,,0
44,2024-05-14 10:58:48,,,,,,2236149819,Камера,"В приложении нет видео, с камеры видео передается",,,0
45,2024-05-14 10:59:00,,,,Семья/админ,,2125128593,Домофон,,,,0
46,2024-05-14 10:59:15,Оффлайн,,,,,2018109990,Домофон,,,,0
47,2024-05-14 10:59:30,,,,,,1944103602,Камера,"В приложении нет видео, с камеры видео передается",,,0
48,2024-05-14 11:00:10,,,,,,2012105443,Камера,"В приложении нет видео, с камеры видео передается",,,0
49,2024-05-14 11:00:29,,,,,,2012105936,Домофон,Замена трубки в квартире,,,0
50,2024-05-14 11:00:44,Оффлайн,,,,,2235146181,Домофон,,,,0
51,2024-05-14 11:00:57,Оффлайн,,,,,2018111897,Домофон,,,,0
52,2024-05-14 11:01:08,Оффлайн,,,,,2352154593,Домофон,,,,0
53,2024-05-14 11:01:27,,,,,,2235148464,Камера,"В приложении нет видео, с камеры видео передается Переключение между домофонами в приложении",,,0
54,2024-05-14 11:01:41,,Нет видео,,,,2018111323,Камера,,,,0
55,2024-05-14 11:02:24,,,,,,2018111203,Домофон,"Слетела регистрация в приложении, предположительно удалил админ квартиры",,,0
56,2024-05-14 11:02:43,,,,,,2125127166,Камера,"В приложении нет видео, с камеры видео передается Переключение между домофонами в приложении",,,0
57,2024-05-14 11:03:52,,,,,,2121121548,Домофон,"Проблемы с регистрацией в приложении, диапазон квартир не соответствует действительности",,,0
58,2024-05-14 11:04:12,,,,,,2108119195,Камера,"В приложении нет видео, с камеры видео передается",,,0
59,2024-05-14 11:04:32,,,,,,1944103390,Камера,"В приложении нет видео, с камеры видео передается",,,0
60,2024-05-14 11:05:08,,Архивы (с подпунктами),,,,2330152897,Камера,Архив не подключен партнером,,,0
61,2024-05-14 11:05:09,,,,,,2329250291,Домофон,Хотел подключить видео домофон,,,1
62,2024-05-14 11:05:27,,,,,,2108120470,Домофон,Смена номера телефона в приложении,,,0
63,2024-05-14 11:05:37,Оффлайн,,,,,2012105468,Домофон,,,,0
64,2024-05-14 11:05:52,,,,,,2108117467,Камера,"В приложении нет видео, с камеры видео передается",,,0
65,2024-05-14 11:06:04,,,,Семья/админ,,1921100296,Домофон,,,,0
66,2024-05-14 11:06:49,Псевдооффлайн,,,,,2148133494,Домофон,,,,0
67,2024-05-14 11:07:00,,Нет видео,,,,1944103868,Камера,,,,0
68,2024-05-14 11:07:15,,,,,,1921100556,Камера,"В приложении нет видео, с камеры видео передается",,,0
69,2024-05-14 11:07:29,,,,,,2235144112,Камера,"В приложении нет видео, с камеры видео передается",,,0
70,2024-05-14 11:07:44,,,,Семья/админ,,2108117541,Домофон,,,,0
71,2024-05-14 11:07:53,Оффлайн,,,,,2235143213,Домофон,,,,0
72,2024-05-14 11:08:03,Оффлайн,,,,,2329250085,Домофон,,,,0
73,2024-05-14 11:08:24,Псевдооффлайн,,,,,2012107032,Домофон,,,,0
74,2024-05-14 11:08:40,Псевдооффлайн,,,,,2108118976,Домофон,,,,0
75,2024-05-14 11:08:55,Псевдооффлайн,,,,,2018113100,Домофон,,,,0
76,2024-05-14 11:09:12,Псевдооффлайн,,,,,2208135721,Домофон,,,,0
77,2024-05-14 11:09:28,Псевдооффлайн,,,,,2125129458,Домофон,,,,0
78,2024-05-14 11:09:52,,,,,,1944104538,Камера,В истории посещений не фиксируется посетитель,,,0
79,2024-05-14 11:10:29,,,,,,2101115942,Камера,Фото в истории посещений,,,0
80,2024-05-14 11:10:45,,,,,,2018115347,Домофон,Вопрос по оплате за домофон,,,0
81,2024-05-14 11:11:02,Псевдооффлайн,,,,,2108119845,Домофон,,,,0
82,2024-05-14 11:11:14,Оффлайн,,,,,2125126968,Домофон,,,,0
83,2024-05-14 11:11:35,,,,,,2208136510,Камера,"В приложении нет видео, с камеры видео передается",,,0
84,2024-05-14 11:11:46,,,,Оплата подписки,,2121123769,Домофон,,,,0
85,2024-05-14 11:11:57,Оффлайн,,,,,2121123595,Домофон,,,,0
86,2024-05-14 11:12:10,Оффлайн,,,,,2125128894,Домофон,,,,0
87,2024-05-14 11:12:26,,,,,,2235148761,Домофон,"Вопрос по дополнительным камерам, которых нет в нашей системе",,,0
88,2024-05-14 11:12:44,Псевдооффлайн,,,,,1944104168,Домофон,,,,0
89,2024-05-14 11:13:24,Оффлайн,,,,,2101116005,Домофон,,,,0
90,2024-05-14 11:13:53,,,,,,2125128165,Камера,"В приложении нет видео, с камеры видео передается",,,0
91,2024-05-14 11:14:13,,,,,,2148130932,Домофон,Вопрос по оплате за домофон,,,0
92,2024-05-14 11:14:30,,,,,,2208135149,Домофон,Код доступа,,,0
93,2024-05-14 11:14:46,,,,,,2012106673,Домофон,Распознавание по лицу,,,0
94,2024-05-14 11:15:04,Псевдооффлайн,,,,,2236150585,Домофон,,,,0
95,2024-05-14 11:15:22,,,,,,2018114653,Камера,"В приложении нет видео, с камеры видео передается",,,0
96,2024-05-14 11:15:34,,,,,,2018115145,Домофон,Проблемы с кнопкой выхода,,,0
97,2024-05-14 11:15:40,Оффлайн,,,,,2121125378,Домофон,,,,0
98,2024-05-14 11:15:56,Псевдооффлайн,,,,,2108119904,Домофон,,,,0
99,2024-05-14 11:16:12,,,,,,2121125134,Домофон,Звук в режиме просмотра видео и архива,,,0
100,2024-05-14 11:18:03,,,,,,2208133881,Домофон,Партнер отвязал панель от адреса и привязал за другим адресом. Пользователю нужно удалить аккаунт и пройти повторную регистрацию,,,0
101,2024-05-14 11:18:17,,Нет видео,,,,2236149964,Камера,,,,0
102,2024-05-14 11:18:34,Псевдооффлайн,,,,,1944103310,Домофон,,,,0
103,2024-05-14 11:18:51,,,,,,2108119657,Камера,Загрязнение на камере,,,0
104,2024-05-14 11:19:49,Оффлайн,,,,,2121123623,Домофон,Приобрести ключ,,,0
105,2024-05-14 11:20:02,,,,,,1944104574,Домофон,Вопрос по оплате за домофон,,,0
106,2024-05-14 11:20:17,,,,,,2148132785,Домофон,Приобрести ключ,,,0
107,2024-05-14 11:20:26,Оффлайн,,,,,2018114380,Домофон,,,,0
108,2024-05-14 11:20:43,Псевдооффлайн,,,,,2121120582,Домофон,,,,0
109,2024-05-14 11:20:59,Псевдооффлайн,,,,,2125127314,Домофон,,,,0
110,2024-05-14 11:21:10,,Нет видео,,,,1921100319,Камера,,,,0
111,2024-05-14 11:21:32,,Нет видео,,,,2108120050,Камера,+ Пробелы в архиве,,,0
112,2024-05-14 11:21:42,,,,Семья/админ,,2121123237,Домофон,,,,0
113,2024-05-14 11:21:54,Псевдооффлайн,,,,,2148129969,Домофон,,,,0
114,2024-05-14 11:22:01,,,,Прочие,,2108118836,Домофон,Второй адрес,,,0
115,2024-05-14 11:22:12,,,,,Замок не держит,2329250161,Домофон,,,,0
116,2024-05-14 11:22:30,,,,,,2018113964,Домофон,"Не работает кнопка ""колокольчик""",,,0
117,2024-05-14 11:22:54,Оффлайн,,,,,2401155679,Домофон,,,,0
118,2024-05-14 11:23:04,,,,Оплата подписки,,2235141875,Домофон,,,,0
119,2024-05-14 11:23:19,Псевдооффлайн,,,,,2018110359,Домофон,,,,0
120,2024-05-14 11:23:40,,,,,,2121125169,Камера,"В приложении нет видео, с камеры видео передается",,,0
121,2024-05-14 11:24:04,,Архивы (с подпунктами),,,,2235142652,Камера,Красная полоса вместо архива,,,0
122,2024-05-14 11:24:07,,,,,,2330152901,Домофон,Хотел просмотр внешних камер,,,0
123,2024-05-14 11:24:15,Оффлайн,,,,,2018113800,Домофон,,,,0
124,2024-05-14 11:24:54,,,,,,2121124880,Домофон,Домофонная трубка не открывает дверь,,,0
125,2024-05-14 11:25:05,Оффлайн,,,,,2018111461,Домофон,,,,0
126,2024-05-14 11:25:16,,Нет видео,,,,2235145689,Камера,,,,0
127,2024-05-14 11:25:31,Псевдооффлайн,,,,,2125129215,Домофон,,,,0
128,2024-05-14 11:25:53,,,,,,2018114866,Домофон,"В приложении нет видео, с камеры видео передается",,,0
129,2024-05-14 11:26:08,,,,,Замок не держит,2235142652,Домофон,,,,0
130,2024-05-14 11:26:19,,Нет видео,,,,1944103122,Камера,,,,0
131,2024-05-14 11:26:34,Псевдооффлайн,,,,,2121122151,Домофон,,,,0
132,2024-05-14 11:27:16,,Архивы (с подпунктами),,,,2125126705,Камера,Хотели получить архив за пределами глубины архива,,,0
133,2024-05-14 11:27:37,,,,Семья/админ,,2121122235,Домофон,,,,0
134,2024-05-14 11:27:55,,,,,,2018112308,Домофон,Вопрос по оплате за домофон,,,0
135,2024-05-14 11:28:11,Оффлайн,,,,,2330153409,Домофон,,,,0
136,2024-05-14 11:29:41,,,,,Проблемы с считывателем,1944103761,Домофон,"Не получается пройти регистрацию в приложении, когда подносят ключ к считывателю домофона в логах невалидный ключ, когда считывателю подносят, то в логах как открытие через кнопку",,,0
137,2024-05-14 11:29:51,Оффлайн,,,,,2235145835,Домофон,,,,0
138,2024-05-14 11:29:52,,Нет видео,,,,2208135668,Домофон,Пнул поток,,,0
139,2024-05-14 11:30:02,Оффлайн,,,,,2121122571,Домофон,,,,0
140,2024-05-14 11:30:20,Псевдооффлайн,,,,,2108118061,Домофон,,,,0
141,2024-05-14 11:30:36,Псевдооффлайн,,,,,2012105773,Домофон,,,,0
142,2024-05-14 11:30:55,,,,,,2018113639,Домофон,Приобрести ключ,,,0
143,2024-05-14 11:31:13,,,,,,2208134244,Камера,"В приложении нет видео, с камеры видео передается",,,0
144,2024-05-14 11:32:01,,,,,,2121124800,Домофон,"В подъезде есть квартиры с дробным обозначением, нужно, чтобы партнер присвоил квартире другой номер",,,0
145,2024-05-14 11:32:15,,,,,,2208134000,Домофон,Приобрести ключ,,,0
146,2024-05-14 11:32:29,,,,,Оффлайн,2125127796,Домофон,,,,0
147,2024-05-14 11:32:31,,,,,,2330153600,Домофон,Звук в режиме просмотра видео и архива,,,0
148,2024-05-14 11:32:42,,Нет видео,,,,2236151907,Камера,,,,0
149,2024-05-14 11:33:09,,,,,,1944104141,Камера,В истории посещений не фиксируется посетитель,,,0
150,2024-05-14 11:33:22,,,,Семья/админ,,2125128890,Домофон,,,,0
151,2024-05-14 11:33:54,,,,,Оффлайн,2101116066,Домофон,,,,0
152,2024-05-14 11:34:20,,,,,,2018200016,Домофон,Нужно узнать ключом какой квартиры была открыта дверь в подъезд,,,0
153,2024-05-14 11:34:38,,,,,,2121121242,Домофон,Код доступа,,,0
154,2024-05-14 11:37:12,,Прошивка камеры,,,,2208135167,Камера,,,,0
155,2024-05-14 11:40:38,,,,,Оффлайн,2208136703,Домофон,,,,0
156,2024-05-14 11:42:07,,,,,,2125128328,Домофон,"""Не работает ключ на открывание двери на пожарную лестницу"" При этом в системе только один домофон и в логах у него валидные ключи",,,0
157,2024-05-14 11:54:42,,Нет видео,,,,1944104859,Камера,,,,0
158,2024-05-14 11:54:53,,Нет видео,,,,2018115395,Камера,,,,0
159,2024-05-14 11:56:04,,Нет видео,,,,2208136124,Домофон,Пнул поток,,,0
160,2024-05-14 11:57:18,Оффлайн,,,,,2121123035,Домофон,,,,0
161,2024-05-14 12:00:04,Оффлайн,,,,,2018109722,Домофон,,,,0
162,2024-05-14 12:06:50,,,,Прочие,Оффлайн,2018112668,Домофон,Не работал код из подписки,,,0
163,2024-05-14 12:11:25,,,Неверное количество ключей,,,1944104322,Домофон,,,,0
164,2024-05-14 12:12:40,,,,,,2125129360,Домофон,Не снималась блокировка квартиры в контроль. (вероятнее всего из-за интернета партнера),,,0
165,2024-05-14 12:13:07,,Нет видео,,,,2101116605,Домофон,Пнул поток ,,,0
166,2024-05-14 12:13:24,Оффлайн,,,,Оффлайн,2235146181,Домофон,,,,0
167,2024-05-14 12:14:52,,,,,Не приходят звонки на ТАП,2235142750,Домофон,,,,0
168,2024-05-14 12:15:29,,,,,Не приходят звонки на ТАП,2208136109,Домофон,,,,0
169,2024-05-14 12:17:39,,,,,,2235145428,Домофон,Смена диапазона,,,0
170,2024-05-14 12:18:30,,Нет видео,,,,2125128005,Домофон,,,,0
171,2024-05-14 12:18:51,,,Неверное количество ключей,,,2125128005,Домофон,,,,0
172,2024-05-14 12:19:09,,,,,Оффлайн,2125128199,Домофон,,,,0
173,2024-05-14 12:19:19,,,,,Оффлайн,2125127092,Домофон,,,,0
174,2024-05-14 12:19:30,,,,,Оффлайн,2125126138,Домофон,,,,0
175,2024-05-14 12:19:41,,,,,Оффлайн,2125128198,Домофон,,,,0
176,2024-05-14 12:19:53,,,,,Оффлайн,2235145574,Домофон,,,,0
177,2024-05-14 12:20:26,,,,,,2235142086,Домофон,Помощь с привязкой панели,,,0
178,2024-05-14 12:20:50,,"Нет видео, Прошивка камеры",,,,2235142086,Домофон,,,,0
179,2024-05-14 12:21:24,,Нет видео,,,,208134816,Домофон,,,,0
180,2024-05-14 12:21:36,,Нет видео,,,,EF00000000915D24 ,Камера,,,,0
181,2024-05-14 12:21:47,,Нет видео,,,,EF000000006DCADF ,Камера,,,,0
182,2024-05-14 12:22:01,,,,,Не приходят звонки на ТАП,2235145556,Домофон,Уровни ,,,0
183,2024-05-14 12:22:11,,Нет видео,,,,nan,Камера,,,,0
184,2024-05-14 12:22:13,,,,,,2236151281,Домофон,Не отвязывалась с адреса,,,0
185,2024-05-14 12:22:29,,"Нет видео, Прошивка камеры",,,,2101115966,Домофон,,,,0
186,2024-05-14 12:22:45,,Нет видео,,,,2235145284,Домофон,,,,0
187,2024-05-14 12:23:10,,,,Прочие,,2329250430,Домофон,,,,0
188,2024-05-14 12:23:35,,,,,Проблема со звуком,2235146010,Домофон,,,,0
189,2024-05-14 12:23:47,,,,,Проблема со звуком,2235146072,Домофон,,,,0
190,2024-05-14 12:24:10,,Нет видео,,,,2208134809,Домофон,,,,0
191,2024-05-14 12:24:20,,Нет видео,,,,2125128514,Домофон,,,,0
192,2024-05-14 12:24:21,Оффлайн,,,,,2235141946,Домофон,,,,0
193,2024-05-14 12:25:07,,,,,,2329250497,Камера,"В приложении нет видео, с камеры видео передается",,,0
194,2024-05-14 12:25:15,Оффлайн,,,,Оффлайн,2235145778,Домофон,,,,0
195,2024-05-14 12:25:41,,,,,Замок не держит,2235144842,Домофон,,,,0
196,2024-05-14 12:26:05,,,,,Проблема со звуком,2121120914,Домофон,,,,0
197,2024-05-14 12:26:18,,,Неверное количество ключей,,,2235145827,Домофон,,,,0
198,2024-05-14 12:26:34,,,,,Проблема со звуком,2235148405,Домофон,Проблемы с аналогом в нескольких кв,,,0
199,2024-05-14 12:26:35,,,,,Не приходят звонки на ТАП,2121120914,Домофон,,,,0
200,2024-05-14 12:26:52,,,,,"Проблема со звуком, Не приходят звонки на ТАП",2121120914,Домофон,,,,0
201,2024-05-14 12:27:07,,,Неверное количество ключей,,,2235144067,Домофон,,,,0
202,2024-05-14 12:27:34,,,,,Замок не держит,2235144067,Домофон,,,,0
203,2024-05-14 12:27:59,Оффлайн,,,,Оффлайн,2121120914,Домофон,,,,0
204,2024-05-14 12:28:24,,,,Оплата подписки,,1944105012,Домофон,,,,0
205,2024-05-14 12:28:46,,,,,Проблема со звуком,2401155640,Домофон,,,,0
206,2024-05-14 12:29:02,,,,Прочие,,2401155076,Домофон,Вылетает звонок при ответе,,,0
207,2024-05-14 12:29:03,,,,,Проблема со звуком,2401155436,Домофон,,,,0
208,2024-05-14 12:29:42,Оффлайн,,,,Оффлайн,2235144813,Домофон,,,,0
209,2024-05-14 12:30:03,,,,,"Оффлайн, Прошивка через программатор",2236150012,Домофон,,,,0
210,2024-05-14 12:30:15,Оффлайн,,,,"Оффлайн, Прошивка через программатор",2121125134,Домофон,,,,0
211,2024-05-14 12:30:33,Оффлайн,,,,Оффлайн,2235144882,Домофон,,,,0
212,2024-05-14 12:30:50,,Нет видео,,,,2121123249,Домофон,,,,0
213,2024-05-14 12:31:11,,,,,Прошивка через программатор,2236150012,Домофон,,,,0
214,2024-05-14 12:31:23,,,,,,2018111964,Камера,Архив не подключен партнером или жителем по подписке,,,0
215,2024-05-14 12:31:29,,,Неверное количество ключей,,,2235144882,Домофон,,,,0
216,2024-05-14 12:31:45,,,,,Прошивка через программатор,2235144813,Домофон,,,,0
217,2024-05-14 12:32:26,Оффлайн,,,,Оффлайн,2236200005,Домофон,,,,0
218,2024-05-14 12:32:52,,,,,Не приходят звонки на ТАП,2125128221,Домофон,,,,0
219,2024-05-14 12:33:11,,,,Оплата подписки,,2208134746,Домофон,,,,0
220,2024-05-14 12:33:29,,,,Оплата подписки,,2352154600,Домофон,,,,0
221,2024-05-14 12:33:40,Оффлайн,,,,"Оффлайн, Проблема со звуком",2348251424,Домофон,,,,0
222,2024-05-14 12:33:53,,,,,Проблема со звуком,2401155617,Домофон,,,,0
223,2024-05-14 12:34:26,Оффлайн,,,,Оффлайн,2125127397,Домофон,,,,0
224,2024-05-14 12:34:39,,Нет видео,,,,2018112434,Домофон,,,,0
225,2024-05-14 12:35:12,,,,,,2208135243,Домофон,Привязка к адресу,,,0
226,2024-05-14 12:35:23,,Нет видео,,,,2108119178,Домофон,,,,0
227,2024-05-14 12:35:33,,Нет видео,,,,2330153758,Домофон,Пнул поток ,,,0
228,2024-05-14 12:35:38,,Не работает архив,,,,2108117742,Домофон,После подключения подписки нет доступа к архиву в приложении,,,0
229,2024-05-14 12:35:48,,,,,,2208135243,Домофон,Не подключается архив партнером,,,0
230,2024-05-14 12:36:18,,,,Прочие,,2236151475,Домофон,регистарция,,,0
231,2024-05-14 12:36:52,,Нет видео,,,,2236151114,Домофон,,,,0
232,2024-05-14 12:37:16,,,,Оплата подписки,,2208133844,Домофон,,,,0
233,2024-05-14 12:37:23,Оффлайн,,,,Оффлайн,2125126573,Домофон,,,,0
234,2024-05-14 12:37:51,,,,Прочие,,2329250340,Домофон,регистрация,,,0
235,2024-05-14 12:38:17,,Не работает архив,,,,1944104085,Домофон,,,,0
236,2024-05-14 12:38:32,,Нет видео,,,,2018115379,Домофон,,,,0
237,2024-05-14 12:38:51,,Выгрузка архива поддержкой,,,,2401155183,Домофон,,,,0
238,2024-05-14 12:39:01,,Выгрузка архива поддержкой,,,,2401155173,Домофон,,,,0
239,2024-05-14 12:39:15,,Выгрузка архива поддержкой,,,,22361149955,Домофон,,,,0
240,2024-05-14 12:39:33,,Выгрузка архива поддержкой,,,,2235148111,Домофон,,,,0
241,2024-05-14 12:39:40,,,,,,2401154869,Домофон,Связка камеры и панели ,,,0
242,2024-05-14 12:39:54,Оффлайн,,,,Оффлайн,2235148111,Домофон,,,,0
243,2024-05-14 12:40:14,Оффлайн,,,,Оффлайн,2108118691,Домофон,,,,0
244,2024-05-14 12:40:32,,Нет видео,,,,2018113800,Домофон,,,,0
245,2024-05-14 12:40:53,,Нет видео,,,,2330153765,Домофон,Пнул поток ,,,0
246,2024-05-14 12:41:31,,Прошивка камеры,,,,214813257319441,Домофон,,,,0
247,2024-05-14 12:41:40,Оффлайн,,,,,2401155436,Домофон,,,,0
248,2024-05-14 12:41:48,,Прошивка камеры,,,,201811500120181,Домофон,,,,0
249,2024-05-14 12:42:03,,Прошивка камеры,,,,EF000000006DCA33,Камера,,,,0
250,2024-05-14 12:42:32,,,,Прочие,,2121124557,Домофон,задержка видео,,,0
251,2024-05-14 12:42:49,,,,Нет приходят звонки,,2208135393,Домофон,,,,0
252,2024-05-14 12:43:08,,,,,Не приходят звонки на ТАП,2235148512,Домофон,,,,0
253,2024-05-14 12:43:09,,Нет видео,,,,2348252138,Домофон,,,,0
254,2024-05-14 12:43:27,,Нет видео,,,,2236150616,Домофон,,,,0
255,2024-05-14 12:43:50,Оффлайн,,,,Оффлайн,2018110080,Домофон,,,,0
256,2024-05-14 12:44:56,,Нет видео,,,,2348251584,Домофон,,,,0
257,2024-05-14 12:45:15,,Нет видео,,,,1944104079,Домофон,,,,0
258,2024-05-14 12:45:34,Оффлайн,,,,Оффлайн,2208135150,Домофон,,,,0
259,2024-05-14 12:45:51,,Нет видео,,,,2348251473,Домофон,,,,0
260,2024-05-14 12:46:31,,,,,,2235145594,Домофон,смена диапазона,,,0
261,2024-05-14 12:47:04,,,,,Не приходят звонки на ТАП,2236149785,Домофон,,,,0
262,2024-05-14 12:47:13,,Нет видео,,,,2352154087,Домофон,,,,0
263,2024-05-14 12:47:19,,,,,,2236150916,Домофон,удалить код,,,0
264,2024-05-14 12:48:26,,Нет видео,,,,2018113800,Домофон,,,,0
265,2024-05-14 12:48:33,,Нет видео,,,,2401155594,Домофон,,,,0
266,2024-05-14 12:48:49,,,,,,2401155110,Камера,"В приложении нет видео, с камеры видео передается",,,0
267,2024-05-14 12:48:55,Оффлайн,,,,Оффлайн,2401155508,Домофон,,,,0
268,2024-05-14 12:49:10,,Нет видео,,,,2330153203,Домофон,,,,0
269,2024-05-14 12:49:18,,,,,Не приходят звонки на ТАП,2235147886,Домофон,,,,0
270,2024-05-14 12:49:32,,Прошивка камеры,,,,2125127999,Домофон,,,,0
271,2024-05-14 12:49:33,,Нет видео,,,,2330153200,Домофон,,,,1
272,2024-05-14 12:49:43,,Нет видео,,,,2235144343,Домофон,,,,0
273,2024-05-14 12:49:50,,,,,Не приходят звонки на ТАП,2235146214,Домофон,,,,0
274,2024-05-14 12:50:04,,Нет видео,,,,nan,Домофон,,,,0
275,2024-05-14 12:50:10,,Нет видео,,,,2235145073,Домофон,,,,0
276,2024-05-14 12:50:27,,,Неверное количество ключей,,,2235142136,Домофон,,,,0
277,2024-05-14 12:50:38,,,Неверное количество ключей,,,2235141892,Домофон,,,,0
278,2024-05-14 12:50:48,,,Неверное количество ключей,,,2235142292,Домофон,,,,0
279,2024-05-14 12:51:09,,,,,,2235142136,Домофон,прошивка,,,0
280,2024-05-14 12:51:25,,,,,,2235141892,Домофон,прошивка панели,,,0
281,2024-05-14 12:51:40,,,,,,2235142292,Домофон,прошивка панели,,,0
282,2024-05-14 12:54:05,,Нет видео,,,,2348252226,Домофон,по панели,,,0
283,2024-05-14 12:54:22,,Нет видео,,,,2348252227,Домофон,по панели,,,0
284,2024-05-14 12:54:46,,,,,,2121125514,Домофон,Второй адрес,,,0
285,2024-05-14 12:56:17,,Нет видео,,,,2348252225,Домофон,обновить по панели,,,0
286,2024-05-14 12:56:32,,,,,,2348252224,Домофон,обновить по панели,,,0
287,2024-05-14 12:56:42,,Нет видео,,,,2348252226,Домофон,,,,0
288,2024-05-14 12:57:01,,Нет видео,,,,1921100417,Домофон,,,,0
289,2024-05-14 12:57:15,,,,,Проблема со звуком,2352154773,Домофон,,,,0
290,2024-05-14 12:57:16,,,,,,2235145686,Домофон,Приходят звонки с других квартир,,,0
291,2024-05-14 12:57:56,,Нет видео,,,,2121121610,Домофон,,,,0
292,2024-05-14 12:57:57,,Нет видео,,,, 2101116697,Домофон,,,,1
293,2024-05-14 12:57:58,,Нет видео,,,, 2101116698,Домофон,,,,2
294,2024-05-14 12:57:59,,Нет видео,,,, 2101116379,Домофон,,,,3
295,2024-05-14 12:58:00,,Нет видео,,,, 2236149792,Домофон,,,,4
296,2024-05-14 12:58:01,,Нет видео,,,, 2236150869,Домофон,,,,5
297,2024-05-14 12:58:02,,Нет видео,,,, 2235144029,Домофон,,,,6
298,2024-05-14 12:58:03,,Нет видео,,,, 2235144066,Домофон,,,,7
299,2024-05-14 12:58:04,,Нет видео,,,, 2235144008,Домофон,,,,8
300,2024-05-14 12:58:05,,Нет видео,,,, 2235144966,Домофон,,,,9
301,2024-05-14 12:58:06,,Нет видео,,,, 2235144076,Домофон,,,,10
302,2024-05-14 12:58:07,,Нет видео,,,, 2235144083,Домофон,,,,11
303,2024-05-14 12:58:47,Оффлайн,,,,Оффлайн,2330152921,Домофон,,,,0
304,2024-05-14 12:59:14,,,,,,2125129360,Домофон,отвязка жителя,,,0
305,2024-05-14 12:59:27,Оффлайн,,,,Оффлайн,2125125819,Домофон,,,,0
306,2024-05-14 12:59:53,,,,Прочие,,2121123265,Домофон,История посещений,,,0
307,2024-05-14 13:00:14,,Прошивка камеры,,,,2329250163,Домофон,,,,0
308,2024-05-14 13:00:27,,Нет видео,,,,2329250510,Домофон,,,,0
309,2024-05-14 13:01:04,,Нет видео,,,,2329250381,Домофон,,,,0
310,2024-05-14 13:01:05,,,,Оплата подписки,,2101115595,Домофон,,,,0
311,2024-05-14 13:01:24,,,,Прочие,,2108119973,Домофон,,,,0
312,2024-05-14 13:01:52,,,,,Проблема со звуком,2401155253,Домофон,,,,0
313,2024-05-14 13:02:24,,,,Прочие,,2236150004,Домофон,История посещений,,,0
314,2024-05-14 13:02:38,,Нет видео,,,,2018110441,Домофон,,,,0
315,2024-05-14 13:03:07,,,,Прочие,,2125125710,Домофон,не открывает с приложения,,,0
316,2024-05-14 13:03:18,Оффлайн,,,,Оффлайн,2125126301,Домофон,,,,0
317,2024-05-14 13:03:20,,,,Прочие,,2121121172,Домофон,Перезагрузка подписки,,,0
318,2024-05-14 13:04:07,,Прошивка камеры,,,,2401155138,Домофон,прошивка по панели,,,0
319,2024-05-14 13:04:26,,Прошивка камеры,,,,2401155613,Домофон,прошивка по панели,,,0
320,2024-05-14 13:04:45,,Нет видео,,,,2329250563,Домофон,,,,0
321,2024-05-14 13:05:06,,,Неверное количество ключей,,,2208136690,Домофон,,,,0
322,2024-05-14 13:05:07,Оффлайн,,,,,2018115351,Домофон,,,,0
323,2024-05-14 13:05:30,Оффлайн,,,,Оффлайн,2208135498,Домофон,,,,0
324,2024-05-14 13:05:39,,Нет видео,,,,EF00000000570651,Камера,,,,0
325,2024-05-14 13:05:48,,Прошивка камеры,,,,2125128420,Домофон,,,,0
326,2024-05-14 13:06:03,,Нет видео,,,,1944104085,Домофон,,,,0
327,2024-05-14 13:06:14,Оффлайн,,,,,2125128921,Домофон,,,,0
328,2024-05-14 13:06:29,,Нет видео,,Нет приходят звонки,,2018110437,Домофон,,,,0
329,2024-05-14 13:07:38,,,,Нет приходят звонки,,2125125935,Домофон,,,,0
330,2024-05-14 13:08:14,,,,,,2236151839,Домофон,Ик диод,,,0
331,2024-05-14 13:08:59,,Нет видео,,,,2330153585,Домофон,,,,0
332,2024-05-14 13:09:14,,Нет видео,,,,2148129920,Домофон,,,,0
333,2024-05-14 13:09:51,,Не работает архив,,,,2125126071,Домофон,,,,0
334,2024-05-14 13:10:20,,Не работает архив,,,,2101115672,Домофон,,,,0
335,2024-05-14 13:10:50,,Выгрузка архива поддержкой,,,,EF00000000891CCE ,Домофон,,,,0
336,2024-05-14 13:11:17,,,,,,2012109220,Домофон,ios видео особенность,,,0
337,2024-05-14 13:11:49,Оффлайн,,,,Оффлайн,2330153289,Домофон,,,,0
338,2024-05-14 13:12:20,,Не работает архив,,,,2121124415,Домофон,,,,0
339,2024-05-14 13:12:41,Оффлайн,,,,Оффлайн,2235148184,Домофон,,,,0
340,2024-05-14 13:12:59,,Нет видео,,,,2208136199,Домофон,,,,0
341,2024-05-14 13:13:22,,Нет видео,,,,2121122869,Домофон,,,,0
342,2024-05-14 13:13:53,,Нет видео,,,,2018111880,Домофон,,,,0
343,2024-05-14 13:14:20,,,Неверное количество ключей,,,2125126037,Домофон,,,,0
344,2024-05-14 13:14:34,,Нет видео,,,,2108118801,Домофон,,,,0
345,2024-05-14 13:14:59,,,,,,2018113691,Домофон,не проходила регистрация жителя,,,0
346,2024-05-14 13:22:05,,,,,,2352154129,Домофон,Создание пользователя,,,0
347,2024-05-14 13:22:47,,Нет видео,,,,2125128152,Камера,,,,0
348,2024-05-14 13:23:40,,Прошивка камеры,,,,2108119070,Камера,,,,0
349,2024-05-14 13:24:16,,Нет видео,,,,2330153196,Домофон,,,,0
350,2024-05-14 13:24:48,,Нет видео,,,,2235143425,Домофон,,,,0
351,2024-05-14 13:25:11,,Нет видео,,,,2401155602,Домофон,,,,0
352,2024-05-14 13:25:25,,Нет видео,,,,2348252162,Домофон,,,,0
353,2024-05-14 13:25:56,,Нет видео,,,,2401155602,Домофон,,,,0
354,2024-05-14 13:30:05,Оффлайн,,,,,2121125015,Домофон,,,,0
355,2024-05-14 13:30:08,,,,,,2235146100,Домофон,Отвязка устройства,,,0
356,2024-05-14 13:30:37,,,,,,2208134293,Домофон,Виганд и привязка к лк ,,,0
357,2024-05-14 13:32:42,,,,,Прошивка через программатор,2208135429,Домофон,,,,0
358,2024-05-14 13:33:05,,,,,,2348251415,Домофон,Вернул стандартный набор звуков,,,0
359,2024-05-14 13:35:09,,,,,,2121120914,Домофон,Синхронизация ключей ,,,0
360,2024-05-14 13:35:29,,,,Семья/админ,,2208134955,Домофон,,,,0
361,2024-05-14 13:35:49,Оффлайн,,,,,2401155577,Домофон,,,,0
362,2024-05-14 13:35:59,,Нет видео,,,,2208135723,Домофон,,,,0
363,2024-05-14 13:36:21,,Нет видео,,,,2330153751,Домофон,,,,0
364,2024-05-14 13:36:37,,Нет видео,,,,2235143456,Домофон,,,,0
365,2024-05-14 13:36:53,,Нет видео,,,,2235148859,Домофон,,,,0
366,2024-05-14 13:38:17,,Нет видео,,,,EF00000000CF0C9F,Камера,,,,0
367,2024-05-14 13:38:24,,Нет видео,,,,EF00000000D0F908,Камера,,,,0
368,2024-05-14 13:38:32,,Нет видео,,,,EF00000000D0C0BE,Камера,,,,0
369,2024-05-14 13:44:03,,Нет видео,,,,2235142894,Домофон,,,,0
370,2024-05-14 13:44:49,,Нет видео,,,,2236150616,Домофон,,,,0
371,2024-05-14 13:47:07,,,,,,2330153274,Домофон,Обновление прошивки,,,0
372,2024-05-14 13:50:01,Оффлайн,,,,Не приходят звонки на ТАП,2125128332,Домофон,,,,0
373,2024-05-14 13:52:24,Оффлайн,,,,,2236149611,Домофон,,,,0
374,2024-05-14 13:54:54,,Прошивка камеры,,,,2235142714,Камера,,,,0
375,2024-05-14 13:55:07,,Прошивка камеры,,,,2235142697,Камера,,,,0
376,2024-05-14 13:55:27,Оффлайн,,,,,2125126512,Домофон,,,,0
377,2024-05-14 13:55:53,,Прошивка камеры,,,,2235141924,Камера,,,,0
378,2024-05-14 13:55:58,,,,,,2330153255,Домофон,Обновление прошивки,,,0
379,2024-05-14 13:56:07,,,,,Прошивка через программатор,2235141924,Камера,,,,0
380,2024-05-14 13:56:27,,,,,,2330153458,Домофон,обновление прошивки,,,0
381,2024-05-14 13:56:59,,,,,,2236149745,Домофон,Обновление прошивки,,,0
382,2024-05-14 13:57:25,,,,,,2330153282,Домофон,Обновление прошивки,,,0
383,2024-05-14 13:59:35,,,,,,2121124623,Камера,Не подключен архив партнером,,,0
384,2024-05-14 14:01:59,Эндпоинты,,,,,2401155253,Домофон,Не шел звук при юпитере,,,0
385,2024-05-14 14:03:06,,,,,,2352154776,Домофон,Привязка камеры,,,0
386,2024-05-14 14:05:30,,Нет видео,,,,2348251361,Камера,,,,0
387,2024-05-14 14:11:21,,Выгрузка архива поддержкой,,,,EF00000000B70577 ,Камера,,,,0
388,2024-05-14 14:14:05,,,,,,2348251542,Домофон,При звонке в приложение нет звука в обе стороны,,,0
389,2024-05-14 14:15:39,Оффлайн,,,,,2101116606,Домофон,,,,0
390,2024-05-14 14:19:01,,Нет видео,,,,2208135704,Домофон,,,,0
391,2024-05-14 14:26:45,,Нет видео,,,,2121124506,Домофон,,,,0
392,2024-05-14 14:34:21,,,,,Оффлайн,2235145594,Домофон,,,,0
393,2024-05-14 14:35:44,,,,,Оффлайн,2235148575,Домофон,,,,0
394,2024-05-14 14:42:44,,,,,,2018111467,Домофон,Цикл,,,0
395,2024-05-14 14:50:59,,Нет видео,,,,EF00000000D0F6A2 ,Камера,,,,0
396,2024-05-14 14:51:46,,Нет видео,,,,2108119041,Домофон,,,,0
397,2024-05-14 14:53:59,,,,Прочие,,2108200063,Домофон,Архив,,,0
398,2024-05-14 14:55:58,,Нет видео,,,,2208135652,Домофон,,,,0
399,2024-05-14 14:56:12,,Нет видео,,,,2018112463,Домофон,,,,0
400,2024-05-14 14:56:26,,Нет видео,,,,2018109981,Домофон,,,,0
401,2024-05-14 14:56:40,,Нет видео,,,,2018109979,Домофон,,,,0
402,2024-05-14 14:56:54,,Нет видео,,,,2018112453,Домофон,,,,0
403,2024-05-14 15:01:21,,,,Прочие,,2018113757,Домофон,Неверный адрес,,,0
404,2024-05-14 15:05:32,,,,Прочие,,2125128293,Домофон,Подключение архива ,,,0
405,2024-05-14 15:08:56,,Нет видео,,,,2235142363,Домофон,,,,0
406,2024-05-14 15:14:28,,,,Прочие,,2401155441,Домофон,Обновление подписки,,,0
407,2024-05-14 15:28:43,,Нет видео,,,,2208134114,Домофон,,,,0
408,2024-05-14 15:30:48,,,,,Оффлайн,1921100340,Домофон,,,,0
409,2024-05-14 15:35:15,,,,,,2235144949,Домофон,Включить виганд,,,0
410,2024-05-14 15:36:50,,,,,Оффлайн,2125127397,Домофон,,,,0
411,2024-05-14 15:37:33,,,,,,2125125953,Домофон,Обновление прошивки и синхрон ключей ,,,0
412,2024-05-14 15:46:50,,,,Прочие,,2125127444,Домофон,История посещений ,,,0
413,2024-05-14 15:50:05,,,,Прочие,,2235144813,Домофон,обновление архива ,,,0
414,2024-05-14 15:50:49,,,,Прочие,,2235147086,Домофон,Звонок ios,,,0
415,2024-05-14 15:51:39,,,,Нет приходят звонки,,2018115088,Домофон,,,,0
416,2024-05-14 15:53:27,,,,Прочие,,2108119829,Домофон,Не удается удалить акк,,,0
417,2024-05-14 15:58:46,,,,,Оффлайн,2121124358,Домофон,,,,0
418,2024-05-14 16:01:43,,,,,Оффлайн,2352153829,Домофон,,,,0
419,2024-05-14 16:03:16,,Нет видео,,,,2121124397,Домофон,,,,0
420,2024-05-14 16:04:10,,,,,Оффлайн,2125128395,Домофон,,,,0
421,2024-05-14 16:12:46,,,,,,2101116677,Домофон,Поиск ключа по логам ,,,0
422,2024-05-14 16:17:10,,,,,,2018114667,Домофон,Синхрон ключей,,,0
423,2024-05-14 16:21:26,,,,,,2235148339,Домофон,Обновление прошивки,,,0
424,2024-05-14 16:32:56,,,,,,2235144449,Домофон,Смена адреса,,,0
425,2024-05-14 16:32:15,,Выгрузка архива поддержкой,,,,2235145135,Домофон,,,,0
426,2024-05-14 16:43:09,,,,,,2235145135,Домофон,Посик ключа по логам,,,0
427,2024-05-14 16:45:26,,,,,Оффлайн,2235142367,Домофон,Регистрация,,,0
428,2024-05-14 16:46:20,,,,,,2148130026,Домофон,Проблема с кнопкой выхода,,,0
429,2024-05-14 16:51:07,,,,,Оффлайн,2236150548,Домофон,,,,0
430,2024-05-14 16:54:27,,,,,Оффлайн,2108118232,Домофон,,,,0
431,2024-05-14 16:56:31,,Нет видео,,,,2235145343,Домофон,,,,0
432,2024-05-14 17:00:41,,,,Прочие,,2330152914,Домофон,Звук в live,,,0
433,2024-05-15 02:07:48,,,,,,2125128455,Домофон,вопросы по обслуживающей,,,0
434,2024-05-15 02:09:33,,Нет видео,,,,1944104956,Домофон,,,,0
435,2024-05-15 02:10:03,Оффлайн,,,,Оффлайн,2012106281,Домофон,,,,0
436,2024-05-15 02:10:38,Оффлайн,,,,Оффлайн,2108118846,Домофон,,,,0
437,2024-05-15 02:11:40,,Нет видео,,,,6d87bc0c-3a28-446f-ab81-438d13688a43,Домофон,,,,0
438,2024-05-15 02:12:30,,Нет видео,,,,EF00000000D0F775,Камера,,,,0
439,2024-05-15 02:16:01,Оффлайн,,,,Оффлайн,2108117568,Домофон,,,,0
440,2024-05-15 02:16:49,Оффлайн,,,,Оффлайн,2018110517,Домофон,,,,0
441,2024-05-15 02:17:31,Оффлайн,,,,Оффлайн,2018110517,Домофон,,,,0
442,2024-05-15 02:22:04,,,,Прочие,,2121121702,Домофон,"видео есть, в приложении нет",,,0
443,2024-05-15 02:25:19,,,,,,2018110548,Домофон,удаление жителей,,,0
444,2024-05-15 02:29:23,,,,,,2235142404,Домофон,два адреса,,,0
445,2024-05-15 02:30:29,Оффлайн,,,,Оффлайн,1944104937,Домофон,,,,0
446,2024-05-15 03:57:14,,Нет видео,,,,2236151596,Домофон,,,,0
447,2024-05-15 03:58:40,,Нет видео,,,,2348251357,Домофон,,,,0
448,2024-05-15 05:08:45,,,,,,2108117840,Домофон,Запрос на выгрузку архива,,,0
449,2024-05-15 05:16:40,,Прошивка камеры,,,,2121122928,Домофон,,,,0
450,2024-05-15 05:17:14,,Нет видео,,Оплата подписки,,2121121416,Домофон,,,,0
451,2024-05-15 05:19:38,,,,Прочие,,2012105902,Домофон,"Устаревшая версия ПО у пользователя, звонок в приложении не сбрасывается, необходимо было обновление до последней версии.",,,0
452,2024-05-15 05:20:50,,,,Нет приходят звонки,,2108117806,Домофон,,,,0
453,2024-05-15 05:28:25,,Нет видео,,,,2125126716,Домофон,,,,0
454,2024-05-15 05:31:22,,"Пробелы в архиве, Прошивка камеры",,,,2018111880,Домофон,"Нестабильное подключение у камеры по архиву судя, также очень старая прошивка ",,,0
455,2024-05-15 05:33:07,,"Нет видео, Прошивка камеры",,,,2236151755,Домофон,,,,0
456,2024-05-15 05:49:05,,,,,,2329250397,Домофон,"Открытие двери с кнопки срабатывает через раз, остальные способы работают корректно ",,,0
457,2024-05-15 05:57:29,,,,,,2352154493,Домофон,Перенос с ЛК Спутника на ЛК 120244,,,0
458,2024-05-15 05:57:53,,,,,,2352153802,Домофон,Перенос с ЛК Спутника на ЛК 120244,,,0
459,2024-05-15 05:58:27,,,,,,2352154647,Домофон,Перенос с ЛК Спутника на ЛК 120244,,,0
460,2024-05-15 05:58:55,,,,,,2352154492,Домофон,Перенос с ЛК Спутник на ЛК 120244,,,0
461,2024-05-15 06:01:49,,,,,,2018115126,Домофон,Изменение диапазона,,,0
462,2024-05-15 06:01:58,,Нет видео,,,,2012107197,Камера,,,,0
463,2024-05-15 06:02:06,,Нет видео,,,,2148132166,Камера,,,,0
464,2024-05-15 06:02:38,,Прошивка камеры,,,,2121122928,Камера,,,,0
465,2024-05-15 06:09:53,,,,,,EF000000006DCB5A,Камера,Перевод на ЛК НВК,,,0
466,2024-05-15 06:11:38,,Прошивка камеры,,,,2121123762,Домофон,,,,0
467,2024-05-15 06:11:59,,Не работает архив,,,,EF00000000D0F798,Камера,,,,0
468,2024-05-15 06:12:58,,Нет видео,,,,EF0000000055E94E,Камера,,,,0
469,2024-05-15 06:13:04,,Прошивка камеры,,,,2121120944,Домофон,,,,0
470,2024-05-15 06:13:08,,Нет видео,,,,EF0000000055F4A3,Камера,,,,0
471,2024-05-15 06:13:15,,Нет видео,,,,EF000000005602D8,Камера,,,,0
472,2024-05-15 06:20:05,,,,,,2235142931,Домофон,Обновление ПО до 7.38 с 7.08,,,0
473,2024-05-15 06:21:38,,Нет видео,,,,2125128767,Домофон,,,,0
474,2024-05-15 06:25:28,,,,,,2125125820,Домофон,"Не работают ключи на 7.37 когда панель в оффлайне, обновляем до 7.38 ",,,0
475,2024-05-15 06:29:52,,Нет видео,,,,2208135723,Домофон,,,,0
476,2024-05-15 06:30:03,,Нет видео,,,,2208135652,Домофон,,,,0
477,2024-05-15 06:30:14,,Нет видео,,,,2018112463,Домофон,,,,0
478,2024-05-15 06:30:26,,Нет видео,,,,2018109981,Домофон,,,,0
479,2024-05-15 06:30:38,,Нет видео,,,,2018109979,Домофон,,,,0
480,2024-05-15 06:39:02,,Прошивка камеры,,Оплата подписки,,2121120944,Камера,,,,0
481,2024-05-15 06:39:25,,,,,,2121123762,Домофон,Диагностика. офнулся из сети. (будет замена),,,0
482,2024-05-15 06:40:40,,,,,,2012108832,Домофон,Изменение диапазона,,,0
483,2024-05-15 06:40:47,,Нет видео,,,,EF00000000523BED,Камера,,,,0
484,2024-05-15 06:45:02,,Прошивка камеры,,,,EF00000000F14109,Камера,,,,0
485,2024-05-15 06:45:59,,Прошивка камеры,,,,EF00000000CEE9BF,Камера,,,,0
486,2024-05-15 06:47:58,,Прошивка камеры,,,,EF00000000F1419C,Камера,,,,0
487,2024-05-15 06:48:44,,Прошивка камеры,,,,EF00000000D0C152,Камера,,,,0
488,2024-05-15 06:49:27,,Прошивка камеры,,,,EF00000000A9505C,Камера,,,,0
489,2024-05-15 06:50:02,,Прошивка камеры,,,,2121125451,Домофон,,,,0
490,2024-05-15 06:51:33,,,,,,2235143601,Домофон,"На 7.37 не работают ключи в оффлайне, отбиваются невалидными",,,0
491,2024-05-15 06:51:45,,Прошивка камеры,,,,EF0000000107E512,Камера,,,,0
492,2024-05-15 06:53:11,,Прошивка камеры,,,,EF0000000107E512,Камера,,,,0
493,2024-05-15 06:55:28,,Прошивка камеры,,,,EF00000000D0EC09,Камера,,,,0
494,2024-05-15 06:55:40,,Прошивка камеры,,,,EF00000000DED729,Камера,,,,0
495,2024-05-15 06:56:58,,Прошивка камеры,,,,EF00000000F1419A,Камера,,,,0
496,2024-05-15 06:58:24,,Прошивка камеры,,,,EF00000000CEFC13,Камера,,,,0
497,2024-05-15 06:58:49,,Прошивка камеры,,,,EF00000000A90CB9,Камера,,,,0
498,2024-05-15 07:00:13,,Прошивка камеры,,,,EF00000000B84FE1,Камера,,,,0
499,2024-05-15 07:01:42,,,Неверное количество ключей,,,2125125820,Домофон,,,,0
500,2024-05-15 07:09:40,,Прошивка камеры,,,,EF00000000560349,Камера,,,,0
501,2024-05-15 07:11:54,,Прошивка камеры,,,,EF0000000055E626,Камера,,,,0
502,2024-05-15 07:14:35,,"Нет видео, Прошивка камеры",,,,2121125398,Домофон,,,,0
503,2024-05-15 07:19:05,,Прошивка камеры,,,,EF00000000A94DC5,Камера,,,,0
504,2024-05-15 07:19:36,,Прошивка камеры,,,,EF00000000B84937,Камера,,,,0
505,2024-05-15 07:19:37,,,,,,2125129456,Домофон,Обновление ПО с 6.47 до 6.57,,,0
506,2024-05-15 07:26:28,,Прошивка камеры,,,,EF00000000CF0F49,Камера,,,,0
507,2024-05-15 07:30:41,,Нет видео,,,,2329250208,Камера,,,,0
508,2024-05-15 07:36:53,,"Нет видео, Прошивка камеры",,,,2012107101,Камера,,,,0
509,2024-05-15 07:37:11,,Нет видео,,,,1944104604,Камера,,,,0
510,2024-05-15 07:39:12,,,,,Оффлайн,2125127155,Домофон,,,,0
511,2024-05-15 07:39:28,,Нет видео,,,,2012107407,Домофон,,,,0
512,2024-05-15 07:39:43,,,,,Оффлайн,2125128151,Домофон,,,,0
513,2024-05-15 07:47:02,,Прошивка камеры,,,,EF00000000D0F908,Камера,,,,0
514,2024-05-15 07:47:11,,Прошивка камеры,,,,EF00000000D0C664,Камера,,,,0
515,2024-05-15 08:05:07,,,,,Оффлайн,2329250208,Домофон,Цикл,,,0
516,2024-05-15 08:09:00,,Нет видео,,,,2208134333,Домофон,,,,0
517,2024-05-15 08:18:47,,Нет видео,,,,2329250106,Камера,цикл,,,0
518,2024-05-15 08:36:00,,Нет видео,,,,2208136013,Домофон,,,,0
519,2024-05-15 08:42:57,,Прошивка камеры,,,,EF00000000CEEA37,Камера,,,,0
520,2024-05-15 08:47:38,,Нет видео,,,,2108119114,Домофон,,,,0
521,2024-05-15 08:49:11,,Прошивка камеры,,,,EF00000000A9048B,Камера,,,,0
522,2024-05-15 08:49:23,,Прошивка камеры,,,,EF00000000A90D9B,Камера,,,,0
523,2024-05-15 08:49:32,,Прошивка камеры,,,,EF00000000AA3CE4,Камера,,,,0
524,2024-05-15 08:49:53,,Прошивка камеры,,,,EF00000000A8BA8A,Камера,,,,0
525,2024-05-15 08:57:59,,Нет видео,,,,2329250121,Камера,,,,0
526,2024-05-15 09:31:41,,Нет видео,,,,1921101234,Домофон,,,,0
527,2024-05-15 09:35:21,,Выгрузка архива поддержкой,,,,2012105550,Домофон,,,,0
528,2024-05-15 09:35:36,,Выгрузка архива поддержкой,,,,2018110994,Домофон,,,,0
529,2024-05-15 09:35:51,,Выгрузка архива поддержкой,,,,2108120405,Домофон,,,,0
530,2024-05-15 09:36:04,,Выгрузка архива поддержкой,,,,2108118586,Домофон,,,,0
531,2024-05-15 09:36:25,,Выгрузка архива поддержкой,,,,2012105886,Домофон,,,,0
532,2024-05-15 09:36:42,,Выгрузка архива поддержкой,,,,2012105664,Домофон,,,,0
533,2024-05-15 09:37:05,,Выгрузка архива поддержкой,,,,2012106635,Домофон,,,,0
534,2024-05-15 09:37:21,,Выгрузка архива поддержкой,,,,2018111952,Домофон,,,,0
535,2024-05-15 09:37:34,,Выгрузка архива поддержкой,,,,2012105791,Домофон,,,,0
536,2024-05-15 09:37:48,,Выгрузка архива поддержкой,,,,2018113973,Домофон,,,,0
537,2024-05-15 09:38:01,,Выгрузка архива поддержкой,,,,2148130315,Домофон,,,,0
538,2024-05-15 09:38:12,,Выгрузка архива поддержкой,,,,2012105633,Домофон,,,,0
539,2024-05-15 09:38:25,,Выгрузка архива поддержкой,,,,2018113370,Домофон,,,,0
540,2024-05-15 09:39:17,,Выгрузка архива поддержкой,,,,2108117513,Домофон,,,,0
541,2024-05-15 09:39:35,,,,,Оффлайн,2121125160,Домофон,,,,0
542,2024-05-15 09:40:13,,Выгрузка архива поддержкой,,,,2236150916,Домофон,,,,0
543,2024-05-15 09:40:30,,Выгрузка архива поддержкой,,,,2401155230,Домофон,,,,0
544,2024-05-15 09:40:43,,Выгрузка архива поддержкой,,,,2401155227,Домофон,,,,0
545,2024-05-15 09:41:52,,"Пробелы в архиве, Нет видео",,,,2108119114,Домофон,,,,0
546,2024-05-15 09:46:16,,Нет видео,,,,2330153707,Домофон,Также обновление ПО панели с 7.37 до 7.38 ,,,0
547,2024-05-15 09:47:28,,Нет видео,,,,2235143747,Домофон,,,,0
548,2024-05-15 09:50:13,,,,,,2235142989,Домофон,"У Пользователя на IOS во время звонка постоянно отображается увеличенное изображение с камеры, передано на изучение разработчикам и создан тикет. ",,,0
549,2024-05-15 09:51:30,,,,,Не приходят звонки на ТАП,2235145306,Домофон,,,,0
550,2024-05-15 09:58:43,,Пробелы в архиве,,,,2101116133,Домофон,,,,0
551,2024-05-15 10:01:40,,"Нет видео, Прошивка камеры",,,,2018112434,Домофон,,,,0
552,2024-05-15 10:05:39,,,,Нет приходят звонки,,2125128899,Домофон,,,,0
553,2024-05-15 10:06:02,,,,,,2236149989,Домофон,Настройка типа ккм,,,0
554,2024-05-15 10:09:24,,Прошивка камеры,,,,EF00000000D0EDCE,Камера,,,,0
555,2024-05-15 10:09:33,,Прошивка камеры,,,,EF00000000D0A2D9,Камера,,,,0
556,2024-05-15 10:13:46,,,,,Оффлайн,2208136077,Домофон,,,,0
557,2024-05-15 10:16:06,,Нет видео,,,,EF00000000915D24,Камера,,,,0
558,2024-05-15 10:22:09,,,,,,2208134072,Домофон,Камера в розовом,,,0
559,2024-05-15 10:23:36,,,,,Не приходят звонки на ТАП,2329250397,Домофон,,,,0
560,2024-05-15 10:24:03,,Нет видео,,,,2101115966,Домофон,,,,0
561,2024-05-15 10:25:25,,,,Прочие,,2208134817,Домофон,"Не было доступа к архиву после подключения подписки, исправлено",,,0
562,2024-05-15 10:25:32,,,,,,2125126324,Домофон,Код доступа,,,0
563,2024-05-15 10:25:35,,,,Прочие,,2236151022,Домофон,"Хотел код, но нет подписки",,,0
564,2024-05-15 10:25:44,,,,Оплата подписки,,2235147869,Домофон,,,,0
565,2024-05-15 10:25:55,,,,Семья/админ,,2125128810,Домофон,,,,0
566,2024-05-15 10:26:09,,,,,,2018112548,Домофон,Код доступа,,,0
567,2024-05-15 10:26:50,,,,,,2236149785,Домофон,Код доступа,,,0
568,2024-05-15 10:27:05,,Нет видео,,,,2125127601,Камера,,,,0
569,2024-05-15 10:27:13,,,,,,2018112434,Домофон,"Камера не получает Ip, проверяют физическое подключение у неё ",,,0
570,2024-05-15 10:27:18,Оффлайн,,,,,2125128541,Домофон,,,,0
571,2024-05-15 10:27:29,Оффлайн,,,,,2125127327,Домофон,,,,0
572,2024-05-15 10:28:19,,Не работает архив,,,,2236150369,Домофон,После оплаты подписки в приложении не открылся доступ к архиву,,,0
573,2024-05-15 10:28:47,,,,,,2121122083,Камера,"В приложении нет видео, с камеры видео передается",,,0
574,2024-05-15 10:29:05,,,,,,2108117975,Домофон,Звук в режиме просмотра видео и архива,,,0
575,2024-05-15 10:29:51,,Нет видео,,,,2208134333,Домофон,,,,0
576,2024-05-15 10:30:41,,Нет видео,,,,2208133786,Домофон,,,,0
577,2024-05-15 10:31:36,,,,,,2125129140,Домофон,"Не открывается вторая дверь через приложение, при этом в системе за адресом закреплен только один домофон",,,0
578,2024-05-15 10:31:50,,Нет видео,,,,2148132166,Камера,,,,0
579,2024-05-15 10:31:53,,Нет видео,,,,2108119178,Домофон,,,,0
580,2024-05-15 10:32:27,,,,,,2018112259,Камера,Хотели получить архив за пределами глубины архива (Запись началась с момент подключения подписки),,,0
581,2024-05-15 10:32:40,,Нет видео,,,,1944105026,Камера,,,,0
582,2024-05-15 10:33:02,,,,,,2125129534,Домофон,Запрос видеоархива с соседнего подъезда,,,0
583,2024-05-15 10:33:16,,,,,,2236150430,Камера,В истории посещений не фиксируется посетитель,,,0
584,2024-05-15 10:33:34,,,,,,2352154116,Домофон,Звук в режиме просмотра видео и архива,,,0
585,2024-05-15 10:33:52,,,,,,2330152919,Домофон,Неверный диапазон квартир,,,0
586,2024-05-15 10:34:05,,Нет видео,,,,2235142173,Домофон,,,,0
587,2024-05-15 10:34:08,,,,,,2108120144,Камера,"В приложении нет видео, с камеры видео передается",,,0
588,2024-05-15 10:34:24,,,,,,2101116395,Домофон,Установка видеомонитора в квартире,,,0
589,2024-05-15 10:34:40,,,,,Проблема со звуком,2121200019,Домофон,,,,0
590,2024-05-15 10:34:44,,Нет видео,,,,2236151621,Домофон,,,,0
591,2024-05-15 10:34:58,,,,,,2235142369,Домофон,Обновление ПО до последней версии в вэб-Апи,,,0
592,2024-05-15 10:35:16,,Нет видео,,,,2236149868,Домофон,,,,0
593,2024-05-15 10:36:03,,Нет видео,,,,2236149875,Домофон,,,,0
594,2024-05-15 10:36:11,,,,,,2329250563,Домофон,"Приложение игнорирует режим режим ""Не беспокоить"" и вибрацию. Вопрос о том как отрегулировать звук звонка в приложение или отключить поступление звонков",,,0
595,2024-05-15 10:36:24,,Нет видео,,,,2125129038,Камера,,,,0
596,2024-05-15 10:36:38,,Нет видео,,,,2236151612,Домофон,,,,0
597,2024-05-15 10:36:40,,,,Нет приходят звонки,,2125127441,Домофон,,,,0
598,2024-05-15 10:37:03,,Нет видео,,,,2235145344,Домофон,,,,0
599,2024-05-15 10:37:08,,,,,,2235147993,Камера,В истории посещений не фиксируется посетитель,,,0
600,2024-05-15 10:37:18,Оффлайн,,,,,2018112468,Домофон,,,,0
601,2024-05-15 10:37:20,,Нет видео,,,,EF00000000D0C77C,Камера,,,,0
602,2024-05-15 10:37:27,Оффлайн,,,,,1944104753,Домофон,,,,0
603,2024-05-15 10:37:40,,,,Нет приходят звонки,,2235146169,Домофон,,,,0
604,2024-05-15 10:37:44,,Нет видео,,,,EF00000000D0F79D,Камера,,,,0
605,2024-05-15 10:38:06,,,,,,2018109991,Домофон,Удаление аккаунта,,,0
606,2024-05-15 10:38:23,,Нет видео,,,,2235144195,Домофон,,,,0
607,2024-05-15 10:38:30,,,,,,2108120054,Камера,"В приложении нет видео, с камеры видео передается",,,0
608,2024-05-15 10:38:45,,,,,,1944103853,Камера,Загрязнение на камере,,,0
609,2024-05-15 10:39:05,,Прошивка камеры,,,,2018113800,Домофон,,,,0
610,2024-05-15 10:39:14,,,,,,2208135502,Домофон,На iOS звонок поступает в виде аудио вызова,,,0
611,2024-05-15 10:40:16,,,,,,2125128818,Камера,"На адресе две панели, архив партнером подключен только на одной, из-за этого в приложении нет вкладки с архивом",,,0
612,2024-05-15 10:40:25,,,,Семья/админ,,2018111883,Домофон,,,,0
613,2024-05-15 10:40:54,,Прошивка камеры,,,,EF00000000915D24,Домофон,,,,0
614,2024-05-15 10:40:59,Оффлайн,,,,,2125129536,Домофон,,,,0
615,2024-05-15 10:42:03,,,,,,2018109418,Домофон,Вырван считыватель у домофона,,,0
616,2024-05-15 10:42:15,,Нет видео,,,,2235148482,Камера,,,,0
617,2024-05-15 10:42:25,Оффлайн,,,,,2101115937,Домофон,,,,0
618,2024-05-15 10:42:35,,,,Оплата подписки,,1944105236,Домофон,,,,0
619,2024-05-15 10:43:18,,Не работает архив,,,,2330153641,Камера,Вместо архива красная полоса,,,0
620,2024-05-15 10:43:36,,,,Оплата подписки,,2125125815,Домофон,,,,0
621,2024-05-15 10:43:46,,Нет видео,,,,1944105026,Камера,,,,0
622,2024-05-15 10:43:56,,Нет видео,,,,1944102456,Камера,,,,0
623,2024-05-15 10:44:07,Оффлайн,,,,,2101116045,Домофон,,,,0
624,2024-05-15 10:44:35,,,,,,2208136309,Домофон,Обновление ПО панели ,,,0
625,2024-05-15 10:44:44,,Нет видео,,,,1921100750,Домофон,,,,0
626,2024-05-15 10:44:51,,,,,,1944103761,Домофон,"Не нажимали на кнопку ""колокольчика"" после набора номера квартиры",,,0
627,2024-05-15 10:45:15,,,,,,2235142011,Домофон,Домофонная трубка перестала открывать дверь,,,0
628,2024-05-15 10:45:25,Оффлайн,,,,,2235145577,Домофон,,,,0
629,2024-05-15 10:46:08,,,,,,2018110046,Домофон,"Проблемы с регистрацией в приложении, думал, что неверно определяется номер квартиры, а это был номер подъезда",,,0
630,2024-05-15 10:46:23,Оффлайн,,,,,2125127630,Домофон,,,,0
631,2024-05-15 10:46:37,,,,,,2125127077,Домофон,Звук в режиме просмотра видео и архива,,,0
632,2024-05-15 10:47:00,,Прошивка камеры,,,,EF00000000D0C277,Камера,,,,0
633,2024-05-15 10:47:08,,Нет видео,,,,2208134846,Домофон,В домофонной трубке не слышно посетителя,,,0
634,2024-05-15 10:47:36,Оффлайн,,,,,2401155495,Домофон,,,,0
635,2024-05-15 10:47:45,Оффлайн,,,,,2121125298,Домофон,,,,0
636,2024-05-15 10:47:57,Оффлайн,,,,,2121122599,Домофон,,,,0
637,2024-05-15 10:48:09,,,,Прочие,,2235142069,Домофон,"Регистрация, неверный диапазон",,,0
638,2024-05-15 10:48:12,,,,,,2018115437,Домофон,Вопрос по оплате за домофон и уточнение лицевого счета,,,0
639,2024-05-15 10:48:34,,,,,,2012106436,Камера,"В приложении нет видео, с камеры видео передается",,,0
640,2024-05-15 10:48:44,,Нет видео,,,,1921100673,Камера,,,,0
641,2024-05-15 10:48:58,Оффлайн,,,,,2208134416,Домофон,,,,0
642,2024-05-15 10:49:11,Оффлайн,,,,,2125129281,Домофон,,,,0
643,2024-05-15 10:49:23,,,,,,2236149776,Домофон,Код доступа,,,0
644,2024-05-15 10:49:33,Оффлайн,,,,,2101116277,Домофон,,,,0
645,2024-05-15 10:50:01,,,,,,2018109427,Домофон,Отключение авто продления подписки,,,0
646,2024-05-15 10:50:07,,,,,,2121121725,Домофон,Перенос в другой ЛК ,,,0
647,2024-05-15 10:50:24,,,,,,2401154897,Домофон,В домофонной трубке не слышно посетителя,,,0
648,2024-05-15 10:50:57,,Не работает архив,,,,2018112841,Камера,Пропал архив при смене панели на адресе партнером,,,0
649,2024-05-15 10:51:12,,Нет видео,,,,1944104808,Камера,,,,0
650,2024-05-15 10:51:23,,,,Семья/админ,,2012106140,Домофон,,,,0
651,2024-05-15 10:51:57,,,,,,2329250090,Домофон,Код доступа,,,0
652,2024-05-15 10:52:08,Оффлайн,,,,,2121123229,Домофон,,,,0
653,2024-05-15 10:52:22,Оффлайн,,,,,2208133786,Домофон,,,,0
654,2024-05-15 10:52:43,,Нет видео,,,,2235144195,Камера,,,,0
655,2024-05-15 10:52:49,,,,,,2401155529,Домофон,Выдача мас адреса,,,0
656,2024-05-15 10:52:58,,,,Семья/админ,,2121121517,Домофон,,,,0
657,2024-05-15 10:53:18,,,,,Проблема со звуком,2121122667,Домофон,,,,0
658,2024-05-15 10:53:35,,,,,,1944103080,Камера,"В приложении нет видео, с камеры видео передается",,,0
659,2024-05-15 10:53:49,,,,Семья/админ,,1944103096,Домофон,,,,0
660,2024-05-15 10:54:10,,,,,,2012107029,Камера,В истории посещений не фиксируется посетитель,,,0
661,2024-05-15 10:54:56,,,,,,2329250201,Камера,"Уточнение о том, будет ли доступен видеоархив за 3 дня при подключении подписки",,,0
662,2024-05-15 10:55:06,Оффлайн,,,,,2125128395,Домофон,,,,0
663,2024-05-15 10:55:23,,Нет видео,,,,1921100310,Камера,,,,0
664,2024-05-15 10:55:33,,Нет видео,,,,2018113701,Камера,,,,0
665,2024-05-15 10:56:08,,,,,,2108116795,Домофон,"Проблемы с регистрацией в приложении, пользователь вместо кода для регистрации набирал на панели номер своей квартиры",,,0
666,2024-05-15 10:56:24,Оффлайн,,,,,2121121579,Домофон,,,,0
667,2024-05-15 10:56:32,Оффлайн,,,,,2208136060,Домофон,,,,0
668,2024-05-15 10:56:47,,,,,,2348251878,Домофон,На iOS звонок поступает в виде аудио вызова,,,0
669,2024-05-15 10:56:59,,,,,,2018114519,Домофон,На iOS звонок поступает в виде аудио вызова,,,0
670,2024-05-15 10:57:17,,,,,Оффлайн,2121124107,Домофон,,,,0
671,2024-05-15 10:57:25,,,,,,2108120059,Домофон,Изменить номер квартиры,,,0
672,2024-05-15 10:57:38,,"Пробелы в архиве, Нет видео",,,,2148131814,Камера,,,,0
673,2024-05-15 10:57:47,Оффлайн,,,,,2208134188,Домофон,,,,0
674,2024-05-15 10:58:08,,,,,,2121125497,Домофон,Установка видеомонитора в квартире,,,0
675,2024-05-15 10:58:16,Оффлайн,,,,,2125128932,Домофон,,,,0
676,2024-05-15 10:58:35,,,,,,2108118888,Домофон,Изменить номер телефона в приложении,,,0
677,2024-05-15 10:58:46,,Нет видео,,,,2352154035,Камера,,,,0
678,2024-05-15 10:59:34,,Не работает архив,,,,2121124200,Камера,В приложении отсутствовал раздел с архивом,,,0
679,2024-05-15 10:59:55,,,,,,2236150926,Домофон,Не срабатывается кнопка при выходе из подъезда,,,0
680,2024-05-15 11:00:07,,,,,,2108119009,Домофон,На iOS звонок поступает в виде аудио вызова,,,0
681,2024-05-15 11:00:26,,Не работает архив,,,,2352154442,Камера,После оплаты подписки в приложении не открылся доступ к архиву,,,0
682,2024-05-15 11:00:40,Оффлайн,,,,,2125129562,Домофон,,,,0
683,2024-05-15 11:00:56,,Нет видео,,,,2121124397,Камера,,,,0
684,2024-05-15 11:01:11,,,,,,2401154871,Домофон,Вопрос по оплате за домофон,,,0
685,2024-05-15 11:01:21,,Нет видео,,,,2235146057,Камера,,,,0
686,2024-05-15 11:01:55,,,,,,1944103238,Домофон,"Код доступа, блокировка МП и звонков партнером",,,0
687,2024-05-15 11:01:58,,,,,Оффлайн,2125128894,Домофон,,,,0
688,2024-05-15 11:02:23,Оффлайн,,,,,2121120947,Домофон,,,,0
689,2024-05-15 11:02:24,Оффлайн,,,,, 2348251323,Домофон,,,,1
690,2024-05-15 11:02:33,Оффлайн,,,,,1944102975,Домофон,,,,0
691,2024-05-15 11:02:44,,Нет видео,,,,2235143747,Камера,,,,0
692,2024-05-15 11:02:59,Оффлайн,,,,,2208135395,Домофон,,,,0
693,2024-05-15 11:03:09,,Нет видео,,,,2330153357,Камера,,,,0
694,2024-05-15 11:03:26,,"Пробелы в архиве, Нет видео",,,,2329250476,Камера,,,,0
695,2024-05-15 11:04:04,,,,,,2208134809,Камера,После подключения архива партнером в приложении не открылся доступ к архиву,,,0
696,2024-05-15 11:04:30,,,,Прочие,,1944104253,Домофон,История посещений,,,0
697,2024-05-15 11:04:48,,,,,,2018109519,Камера,"Вопрос о том, как скачать архив в приложении",,,0
698,2024-05-15 11:16:31,,Нет видео,,,,2348251345,Домофон,,,,0
699,2024-05-15 11:18:22,,,,,Не приходят звонки на ТАП,2235141924,Домофон,,,,0
700,2024-05-15 11:21:19,,,,,,2012107255,Домофон,Удаление пользователей ,,,0
701,2024-05-15 11:23:53,,,,,Оффлайн,2235144604,Домофон,,,,0
702,2024-05-15 11:24:03,,,,,Оффлайн,2235144591,Домофон,,,,0
703,2024-05-15 11:24:26,,,,,,2235142367,Домофон,Обновление ПО до 7.38,,,0
704,2024-05-15 11:24:39,,,,,Оффлайн,2235144606,Домофон,,,,0
705,2024-05-15 11:28:09,,Нет видео,,,,2208136103,Домофон,,,,0
706,2024-05-15 11:29:30,,,,,Прошивка через программатор,2235148136,Домофон,битый флеш,,,0
707,2024-05-15 11:29:32,,,,Прочие,Оффлайн,2121124716,Домофон,Регистрация,,,0
708,2024-05-15 11:36:05,,Прошивка камеры,,,,EF00000000B840E4,Камера,,,,0
709,2024-05-15 11:37:42,,Нет видео,,,,1921100310,Камера,,,,0
710,2024-05-15 11:38:21,,,,,,2235148812,Домофон,Распознавание по лицу,,,0
711,2024-05-15 11:40:52,,,,,,2348251880,Домофон,Синхрон настроек,,,0
712,2024-05-15 11:42:01,,Нет видео,,,,2125128425,Камера,,,,0
713,2024-05-15 11:43:46,,Прошивка камеры,,,,EF00000000570507,Камера,,,,0
714,2024-05-15 11:44:14,,Нет видео,,,,2125127345,Домофон,,,,0
715,2024-05-15 13:45:29,,Нет видео,,,,2018113083,Камера,,,,0
716,2024-05-15 13:45:37,,,,,,2330153299,Домофон,У пользователя перестал работать один из ключей,,,0
717,2024-05-15 13:47:10,,,,,,2148129737,Домофон,Подключение старой трубки после установки нового домофона,,,0
718,2024-05-15 13:50:23,,Прошивка камеры,,,,2018113800,Домофон,,,,0
719,2024-05-15 13:50:48,,Нет видео,,,,2235142307,Камера,,,,0
720,2024-05-15 13:53:04,,,,,,2401154836,Домофон,"Не менялся пакет звуков из вэб-Контроля, сбросил на дефолтные а потом ещё раз изменили в Контроле на нужные. ",,,0
721,2024-05-15 13:53:05,,,,,,2208136171,Домофон,Прошивка панели,,,0
722,2024-05-15 13:53:29,,,,,,1921100674,Домофон,Не отображалось видео у партнера в Контроле из за кэша его браузера,,,0
723,2024-05-15 13:55:44,,,,Нет приходят звонки,,2018109722,Домофон,,,,0
724,2024-05-15 13:57:44,Оффлайн,,,,,2401155436,Домофон,,,,0
725,2024-05-15 13:59:17,,,,,,2348251873,Домофон,Смещение ,,,0
726,2024-05-15 14:00:07,,Нет видео,,,,1921100872,Камера,,,,0
727,2024-05-15 14:03:25,,,,Прочие,,2125128420,Домофон,Вопросы по оплате ,,,0
728,2024-05-15 14:05:22,,Нет видео,,,,2101115966,Камера,,,,0
729,2024-05-15 14:05:41,,,,Оплата подписки,,2235143750,Домофон,,,,0
730,2024-05-15 14:06:21,,,,Прочие,,2108117895,Домофон,Звук через медиа,,,0
731,2024-05-15 14:08:26,,Прошивка камеры,,,,EF00000000892274,Камера,,,,0
732,2024-05-15 14:09:11,,,,,,2121124294,Домофон,Синхрон ключей,,,0
733,2024-05-15 14:10:00,,,,,,2018113546,Домофон,Партнер не отвязал предыдущую панель в с системе от адресе при замене панели,,,0
734,2024-05-15 14:10:19,,Прошивка камеры,,,,EF00000000891959,Камера,,,,0
735,2024-05-15 14:10:37,,Прошивка камеры,,,,EF00000000891AE9,Камера,,,,0
736,2024-05-15 14:10:51,,Прошивка камеры,,,,EF00000000915C02,Камера,,,,0
737,2024-05-15 14:11:03,,Прошивка камеры,,,,EF00000000915C7F,Камера,,,,0
738,2024-05-15 14:11:16,,Прошивка камеры,,,,EF00000000915DA8,Камера,,,,0
739,2024-05-15 14:11:25,,Прошивка камеры,,,,EF00000000891F39,Камера,,,,0
740,2024-05-15 14:11:41,,Прошивка камеры,,,,EF00000000892274,Камера,,,,0
741,2024-05-15 14:11:44,,Нет видео,,,,2235145709,Домофон,,,,0
742,2024-05-15 14:13:40,,Нет видео,,,,2101116079,Домофон,,,,0
743,2024-05-15 14:16:53,,Нет видео,,,,EF00000000B70E91,Камера,,,,0
744,2024-05-15 14:24:50,,,,,,2125128328,Домофон,Приобрести ключ,,,0
745,2024-05-15 14:25:35,Эндпоинты,,,,,2108117508,Домофон,нет звука при разговоре в мп,,,0
746,2024-05-15 14:28:07,,Прошивка камеры,,,,EF00000000CF2E18,Камера,,,,0
747,2024-05-15 14:28:48,,,,,,2235144430,Домофон,Приобрести ключ,,,0
748,2024-05-15 14:31:19,,,,Прочие,,2018114094,Домофон,Перезагрузка подписки,,,0
749,2024-05-15 14:34:38,,Нет видео,,,,2329250476,Домофон,,,,0
750,2024-05-15 14:35:52,,,,,,2208136215,Домофон,Привязка к ЛК ,,,0
751,2024-05-15 14:36:22,,,,,Оффлайн,2125126296,Домофон,,,,0
752,2024-05-15 14:36:47,,Нет видео,,,,2348251473,Домофон,,,,0
753,2024-05-15 14:38:23,,,,,,2330153250,Камера,Миграция панели,,,0
754,2024-05-15 14:38:32,,,,,,2330153482,Домофон,Миграция панели,,,0
755,2024-05-15 14:38:41,,,,,Оффлайн,2125128894,Домофон,,,,0
756,2024-05-15 14:40:37,,Нет видео,,,,1944104691,Домофон,,,,0
757,2024-05-15 14:40:42,Оффлайн,,,,,2208134024,Домофон,,,,0
758,2024-05-15 14:42:32,,,,,,2208134072,Камера,розовая камера,,,0
759,2024-05-15 14:43:25,,Прошивка камеры,,,,EF000000005707C3,Камера,,,,0
760,2024-05-15 14:45:05,,Нет видео,,,,2236150616,Домофон,,,,0
761,2024-05-15 14:47:47,,Нет видео,,,,2101116605,Домофон,,,,0
762,2024-05-15 14:48:53,,Прошивка камеры,,,,2235142173,Домофон,,,,0
763,2024-05-15 14:50:00,Оффлайн,,,,,2125128402,Домофон,,,,0
764,2024-05-15 14:51:00,,Прошивка камеры,,,,EF00000000D0A245,Камера,,,,0
765,2024-05-15 14:54:38,,Прошивка камеры,,,,EF000000002F2BE6,Камера,,,,0
766,2024-05-15 14:55:00,,Прошивка камеры,,,,EF00000000B70E91 ,Камера,,,,0
767,2024-05-15 14:58:04,,,,,,2348252075,Домофон,Обновление ПО до 7.38 и подключение Виеганд для основной двери через вэб-АпиРТК,,,0
768,2024-05-15 15:03:34,Оффлайн,,,,,1921100340,Домофон,,,,0
769,2024-05-15 15:07:34,,,,Семья/админ,,2108119704,Домофон,,,,0
770,2024-05-15 15:09:43,,Не работает архив,,,,2108118898,Камера,Слетел архив после смены панели,,,0
771,2024-05-15 15:10:09,,Прошивка камеры,,,,2401155245,Домофон,Смена набра звуков ,,,0
772,2024-05-15 15:12:41,,,,Семья/админ,,2121124715,Домофон,,,,0
773,2024-05-15 15:13:33,Оффлайн,,,,,2235142310,Домофон,,,,0
774,2024-05-15 15:14:47,,,,,,2348252075,Домофон,Смена режима NO,,,0
775,2024-05-15 15:16:56,,,,,,2235148512,Домофон,Прошивка панели ,,,0
776,2024-05-15 15:17:34,,Прошивка камеры,,,,2401155245,Камера,,,,0
777,2024-05-15 15:17:42,,Прошивка камеры,,,,2235145343,Камера,,,,0
778,2024-05-15 15:17:44,,Нет видео,,,,1944103576,Домофон,,,,0
779,2024-05-15 15:17:49,,Прошивка камеры,,,,2235146171,Камера,,,,0
780,2024-05-15 15:20:52,,,,Нет приходят звонки,,2012106813,Домофон,,,,0
781,2024-05-15 15:23:16,,Нет видео,,,,EF000000005707C3,Камера,,,,0
782,2024-05-15 15:23:27,,Нет видео,,,,1944103576,Домофон,,,,0
783,2024-05-15 15:23:42,,,,Оплата подписки,,2235147863,Домофон,,,,0
784,2024-05-15 15:24:29,,Нет видео,,,,EF00000000D10813,Камера,,,,0
785,2024-05-15 15:24:35,,,,Семья/админ,,2012106813,Домофон,,,,0
786,2024-05-15 15:24:48,,Выгрузка архива поддержкой,,,,EF00000000B70ED9 ,Камера,,,,0
787,2024-05-15 15:26:09,,,,Нет приходят звонки,,2121124715,Домофон,,,,0
788,2024-05-15 15:27:25,,,,,,2329250436,Домофон,Цикл,,,0
789,2024-05-15 15:30:03,,,,,,2236149973,Домофон,Выставление уровня звука,,,0
790,2024-05-15 15:30:39,,,,,,2236149974,Домофон,Выставление уровней звуука,,,0
791,2024-05-15 15:30:52,,,,,,2235146243,Домофон,Приобрести ключ,,,0
792,2024-05-15 15:32:46,,,,,,2018115372,Камера,"В приложении нет видео, с камеры видео передается",,,0
793,2024-05-15 15:36:09,,Нет видео,,,,2235147863,Камера,,,,0
794,2024-05-15 15:45:12,,,,,,2018111838,Домофон,"Не работает кнопка ""1""",,,0
795,2024-05-15 15:46:19,,Не работает архив,,,,2012106774,Камера,Слетел архив после смены панели,,,0
796,2024-05-15 15:48:21,,,,,,2235144341,Камера,"В приложении нет видео, с камеры видео передается",,,0
797,2024-05-15 15:50:18,Оффлайн,,,,,2121122803,Домофон,,,,0
798,2024-05-15 15:50:42,,,,,,2018111436,Домофон,Проверка логов,,,0
799,2024-05-15 15:51:08,,Нет видео,,,,2125127601,Камера,,,,0
800,2024-05-15 15:51:50,,Нет видео,,,,2121125321,Камера,,,,0
801,2024-05-15 15:53:25,,,,Нет приходят звонки,,2235143895,Домофон,,,,0
802,2024-05-15 15:54:40,,,,Прочие,,2108118137,Домофон,Не подключен архив цифрал,,,0
803,2024-05-15 15:56:12,,Нет видео,,,,2235145594,Домофон,,,,0
804,2024-05-15 15:59:32,,,,,,2352154611,Домофон,Смена набора звуков,,,0
805,2024-05-15 15:59:46,,Нет видео,,,,1944103767,Камера,,,,0
806,2024-05-15 16:00:59,Оффлайн,,,,,2101115937,Домофон,,,,0
807,2024-05-15 16:02:07,,,,,,2012105654,Домофон,Вопрос по оплате за домофон и уточнение лицевого счета,,,0
808,2024-05-15 16:04:19,,,,,Оффлайн,2401155486,Домофон,,,,0
809,2024-05-15 16:08:11,,,,,,2148130008,Домофон,Вопрос по оплате за домофон и уточнение лицевого счета,,,0
810,2024-05-15 16:13:06,Оффлайн,,,,,2125128894,Домофон,,,,0
811,2024-05-15 16:17:15,,Нет видео,,,,EF00000000D1080A,Камера,,,,0
812,2024-05-15 16:21:16,,"Не работает архив, Нет видео",,,,2352154600,Камера,"Слетел архив по непонятной причине, смены панели на адресе не было",,,0
813,2024-05-15 16:24:47,,Нет видео,,,,2348251560,Домофон,,,,0
814,2024-05-15 16:25:56,Оффлайн,,,,,2012105694,Домофон,,,,0
815,2024-05-15 16:28:57,,,,,,2235144259,Домофон,обновление по,,,0
816,2024-05-15 16:30:10,,,,,,2235145529,Домофон,цикл,,,0
817,2024-05-15 16:30:46,,,,,Оффлайн,2121120561,Домофон,,,,0
818,2024-05-15 16:33:39,,,,,,2121121294,Домофон,довдчик,,,0
819,2024-05-15 16:36:27,,,,,Оффлайн,2125128932,Домофон,,,,0
820,2024-05-15 16:39:37,,Выгрузка архива поддержкой,,,,2121121974,Домофон,,,,0
821,2024-05-15 16:41:09,,,,,,2125126892,Домофон,Обновление прошивки,,,0
822,2024-05-15 16:45:20,,,,,Оффлайн,1944105093,Домофон,,,,0
823,2024-05-15 16:46:04,,,,Оплата подписки,,1944103333,Домофон,,,,0
824,2024-05-15 16:53:45,,,,Оплата подписки,,2125128492,Домофон,,,,0
825,2024-05-15 16:55:56,,,,Оплата подписки,,2235142425,Домофон,,,,0
826,2024-05-15 16:56:33,,,,,,2208135524,Домофон,цикл,,,0
827,2024-05-15 16:57:32,,,,,,2208135135,Домофон,Перезвон,,,0
828,2024-05-15 16:59:04,,,,,Оффлайн,2235148740,Домофон,,,,0
829,2024-05-15 16:59:38,,,,,Оффлайн,2125128152,Домофон,,,,0
830,2024-05-15 17:10:03,,,,,,2121123803,Домофон,перезвон,,,0
831,2024-05-15 17:19:38,,,,,,2108117806,Домофон,удаление пользователей,,,0
832,2024-05-15 17:20:57,,Нет видео,,,,2208134846,Домофон,,,,0
833,2024-05-15 17:21:21,,Нет видео,,,,2125126716,Домофон,,,,0
834,2024-05-15 17:22:48,,,,,Оффлайн,2121123695,Домофон,,,,0
835,2024-05-15 17:24:02,,Нет видео,,,,2208134333,Домофон,,,,0
836,2024-05-15 17:24:19,,Нет видео,,,,1944102783,Домофон,,,,0
837,2024-05-15 17:25:04,,Нет видео,,,,2235147991,Домофон,,,,0
838,2024-05-15 17:26:12,,Нет видео,,,,DC12041700023,Камера,,,,0
839,2024-05-15 17:26:37,,Нет видео,,,,2125128660,Домофон,,,,0
840,2024-05-15 17:28:27,,,,,,2121122291,Домофон,архив с разывами,,,0
841,2024-05-15 17:29:04,,,,,,2208136619,Домофон,обновление архива ,,,0
842,2024-05-15 17:29:49,,,,,,2330153406,Домофон,смена звуков,,,0
843,2024-05-15 17:40:33,,Нет видео,,,,2329250170,Домофон,,,,0
844,2024-05-15 17:47:41,,Нет видео,,,,2125128425,Домофон,,,,0
845,2024-05-15 17:52:13,,Нет видео,,,,1921100674,Домофон,,,,0
846,2024-05-15 17:59:56,,,,,,2236151862,Домофон,перезвон,,,0
847,2024-05-15 18:04:35,,,,,,2235144120,Домофон,код ,,,0
848,2024-05-15 18:08:21,,,,,Оффлайн,2121123752,Домофон,,,,0
849,2024-05-15 18:09:46,,,,,Оффлайн,2012105908,Домофон,,,,0
850,2024-05-15 18:13:45,,,,,Оффлайн,2208136536,Домофон,,,,0
851,2024-05-15 18:15:23,,Нет видео,,,,2208135629,Домофон,,,,0
852,2024-05-15 18:27:18,,Нет видео,,,,1921101095,Домофон,,,,0
853,2024-05-15 18:29:39,,,,,,2121122928,Домофон,Синхронизация,,,0
854,2024-05-15 18:31:01,,Нет видео,,,,2235148862,Домофон,,,,0
855,2024-05-15 18:33:23,,,,Нет приходят звонки,,2148131839,Домофон,,,,0
856,2024-05-15 18:42:42,,,,Оплата подписки,,2018112533,Домофон,,,,0
857,2024-05-15 18:43:21,,,,,Оффлайн,2012105995,Домофон,,,,0
858,2024-05-15 18:52:22,,,,,Оффлайн,2125129429,Домофон,,,,0
859,2024-05-15 18:55:38,,,,,,2208135351,Домофон,обновление ble,,,0
